case_label,one_d_scenario,cfd_removed_w,one_d_removed_w,removed_gap_w,cfd_ambient_w,one_d_ambient_w,ambient_gap_w,cfd_total_loss_w,one_d_total_loss_w,total_loss_gap_w,energy_error_pct_of_heater,mass_flow_error_pct_vs_cfd
Salt 1 Kirst,ethan_cfd_informed_salt_baseline_ins_1.0in_rad_1,135.60317786,42.59758920483988,-93.00558865516011,167.80591747262997,226.7009800946531,58.89506262202312,303.40909533262993,269.29856929949295,-34.11052603313698,16.007426508209267,25.44887341883837
Salt 2 Kirst,ethan_cfd_informed_salt_baseline_ins_1.0in_rad_1,136.35073988,46.44369674739527,-89.90704313260471,188.09286214599,256.2546640570201,68.16180191103007,324.44360202599,302.69836080441536,-21.745241221574645,8.924437683044053,34.414892069578464
