{
  "generated_at": "2026-06-05T10:28:39-05:00",
  "source_id": "viscosity_screening_salt_test_2_jin_coarse_mesh",
  "case_id": "salt_test_2_jin",
  "base_case_id": "salt_test_2",
  "variant_label": "jin",
  "fluid": "hitec_salt_jin",
  "run_status": "terminated",
  "convergence_reached": false,
  "final_time": "2432.0",
  "exp_case_name": "Salt 2",
  "exp_reference_status": "available",
  "exp_tp_rmse_k": 3.3697945750128784,
  "exp_tw_rmse_k": 6.615343578414548,
  "exp_all_temp_rmse_k": 5.622281562405422,
  "tw10_excluded_from_rmse": true,
  "tw10_raw_error_k": -51.40227125000001,
  "exp_mdot_abs_error_pct": 21.65710934523809,
  "sim_mdot_kg_s": 0.01316160563,
  "exp_mdot_kg_s": 0.0168,
  "sim_total_wall_q_net_w": 0.36200464559998835,
  "sim_ambient_noncooling_proxy_w": 106.8836348244,
  "sim_ambient_proxy_w": 186.8943747244,
  "sim_cooling_branch_total_removal_w": 136.3507399,
  "sim_cooling_branch_excess_over_operating_cooling_w": 80.0107399,
  "exp_qhx_reference_w": 56.34,
  "exp_q_external_loss_reference_w": 236.41196517975052,
  "exp_q_external_loss_reference_status": "ethan_prescribed_segment_loss_proxy_from_validation_imposed_ethan_v2_qambient_total_W",
  "exp_q_external_loss_abs_error_pct": 20.945467128832053,
  "tp_max_abs_error_label": "TP3",
  "tp_max_abs_error_k": 5.436529999999948,
  "tw_max_abs_error_label": "TW5",
  "tw_max_abs_error_k": 15.179988749999893,
  "tw_top3_abs_error_summary": "TW5:15.180; TW9:9.939; TW6:7.334",
  "sim_section_downcomer_net_q_w": -23.022580644,
  "sim_section_heater_net_q_w": 243.59637937000002,
  "sim_section_upcomer_net_q_w": -20.001287434800002,
  "sim_section_test_section_net_q_w": -5.499522598,
  "sim_section_cooling_branch_net_q_w": -136.3507399,
  "sim_section_upper_transport_net_q_w": -12.318511763100002,
  "sim_section_lower_transport_net_q_w": -6.6431023273,
  "sim_section_junctions_net_q_w": -39.3986300572,
  "sim_section_other_net_q_w": 0.0,
  "exp_minus_sim_TP1_K": 2.912569000000019,
  "exp_minus_sim_TP2_K": 1.691693999999984,
  "exp_minus_sim_TP3_K": 5.436529999999948,
  "exp_minus_sim_TP4_K": 0.6073610000000258,
  "exp_minus_sim_TP5_K": 1.7023599999999988,
  "exp_minus_sim_TP6_K": 4.8954499999999825,
  "exp_minus_sim_TW1_K": 0.09640825000002451,
  "exp_minus_sim_TW2_K": 2.5640977499999735,
  "exp_minus_sim_TW3_K": -0.9221610000000737,
  "exp_minus_sim_TW4_K": -6.629204000000016,
  "exp_minus_sim_TW5_K": 15.179988749999893,
  "exp_minus_sim_TW6_K": 7.33408449999996,
  "exp_minus_sim_TW7_K": 1.540924500000017,
  "exp_minus_sim_TW8_K": -0.7649360000000911,
  "exp_minus_sim_TW9_K": 9.939078499999937,
  "exp_minus_sim_TW10_K": -51.40227125000001,
  "exp_minus_sim_TW11_K": -0.5304502500000581,
  "exp_minus_sim_mdot_kg_s": 0.003638394369999999
}
