source_id,salt_label,insulation_in,friction_form,mdot_predicted_kg_s,mdot_cfd_kg_s,mdot_err_pct,loop_mean_T_K,dp_total_loop_pa,dp_heater_pa,dp_cooler_pa,dp_downcomer_pa,dp_upcomer_pa
viscosity_screening_salt_test_4_jin_coarse_mesh,salt_4,0.3,F1,0.020037132042206293,0.01698467657,17.97181983198809,481.8253269902464,41.42083062171303,10.27431192701399,10.258857633263993,10.58183924100397,10.29863959238625
viscosity_screening_salt_test_4_jin_coarse_mesh,salt_4,0.3,F3_hagenbach,0.01795026088521255,0.01698467657,5.685032100746988,481.9184657502881,46.25876369435812,10.702342260209747,12.198663257227695,11.011877417343262,12.340114239497401
viscosity_screening_salt_test_4_jin_coarse_mesh,salt_4,0.3,F3_shah_apparent,0.01762115441916596,0.01698467657,3.7473651414132267,481.9341648578795,47.126828799788534,10.76681411779959,12.399756797546845,11.049479653979722,12.90522080191308
viscosity_screening_salt_test_4_jin_coarse_mesh,salt_4,0.3,F4_leg_class,0.012796861884567799,0.01698467657,-24.656428800234732,482.20428051122667,65.00897252481064,18.62953556508677,15.550459525238361,21.84481752974334,8.981224407292768
