source_id,salt_label,insulation_in,friction_form,mdot_predicted_kg_s,mdot_cfd_kg_s,mdot_err_pct,loop_mean_T_K,dp_total_loop_pa,dp_heater_pa,dp_cooler_pa,dp_downcomer_pa,dp_upcomer_pa
viscosity_screening_salt_test_3_jin_coarse_mesh,salt_3,0.3,F1,0.017405762762960485,0.01497722,16.214910129920543,467.2773214665945,41.99967788833146,10.424371113947776,10.39689376692819,10.773290762688923,10.399733074155515
viscosity_screening_salt_test_3_jin_coarse_mesh,salt_3,0.3,F3_hagenbach,0.01597926902730591,0.01497722,6.690487469008994,467.3441897829939,45.768827434489666,10.750803978966012,11.914739048581401,11.101450002223407,11.997290914148087
viscosity_screening_salt_test_3_jin_coarse_mesh,salt_3,0.3,F3_shah_apparent,0.015476139908310706,0.01497722,3.331191691854073,467.3692158636654,47.264872318996666,10.861919784763332,12.399880528647397,11.185054599310115,12.81375498426891
viscosity_screening_salt_test_3_jin_coarse_mesh,salt_3,0.3,F4_leg_class,0.01144678466389857,0.01497722,-23.572033635757702,467.6030749719499,64.02420471928906,18.900869111528557,15.872064334792594,20.230705092494066,9.018231049847723
