source_id,salt_label,insulation_in,friction_form,mdot_predicted_kg_s,mdot_cfd_kg_s,mdot_err_pct,loop_mean_T_K,dp_total_loop_pa,dp_heater_pa,dp_cooler_pa,dp_downcomer_pa,dp_upcomer_pa
viscosity_screening_salt_test_2_jin_coarse_mesh,salt_2,0.25,F1,0.014462804082123179,0.01318354663,9.70343935532604,446.99122248896515,44.61136196814748,11.08824996422346,11.028610312696692,11.540471177989536,10.950338160207249
viscosity_screening_salt_test_2_jin_coarse_mesh,salt_2,0.25,F3_hagenbach,0.013644797704657798,0.01318354663,3.498687322940795,447.03405208520655,47.304640952989836,11.315712349383563,12.118422818367257,11.769536774649138,12.097681787765719
viscosity_screening_salt_test_2_jin_coarse_mesh,salt_2,0.25,F3_shah_apparent,0.013061314528098694,0.01318354663,-0.9271564422820645,447.06620162911076,49.43335267606996,11.483556693867403,12.889258110395076,11.905007898463014,13.15251734943837
viscosity_screening_salt_test_2_jin_coarse_mesh,salt_2,0.25,F4_leg_class,0.010126941314488692,0.01318354663,-23.185000222594173,447.2519655796249,63.890739549177,20.173758062478797,17.155934940367747,17.11989245506104,9.439340912661752
