source_id,case_label,comparison_row_count,mean_exact_cp_minus_stored_flow_k,max_abs_exact_cp_minus_stored_flow_k,mean_exact_cp_minus_exact_flow_k,max_abs_exact_cp_minus_exact_flow_k,selection_status_counts
val_water_test_1_coarse_mesh_laminar,Water 1,1895,4.647538783649842e-05,0.0001713720458269563,5.992431088817694e-05,0.00023236208625121435,aligned_area_match:1895
val_water_test_2_coarse_mesh_laminar,Water 2,1895,5.522034071776761e-05,0.00021062596533738542,9.657555848215666e-05,0.0003722038031810371,aligned_area_match:1895
val_water_test_3_coarse_mesh_laminar,Water 3,1895,5.802399712846058e-05,0.00022702756569970006,0.0001298135999557016,0.0004912766652864775,aligned_area_match:1895
val_water_test_4_coarse_mesh_laminar,Water 4,1895,4.765521914788106e-05,0.000189545813782388,0.00021525626232727697,0.0008334867941357516,aligned_area_match:1895
