phase,runtime_s
load_inputs,0.00269405200379
construct_forms,0.000278063002042
score_forms,0.00390903203515
write_outputs,0.161504071031
total_runtime,0.168390517996
