salt,form,mean_mult,pred_mdot,cfd_mdot,pct_err,Re
2,default(mult=1),1.8573170117174584,0.017105637669666017,0.01318354663,29.74989317928341,217.30441328188311
2,global_mean_mult,1.8573170117174584,0.012576755543386345,0.01318354663,-4.602639211157813,162.51671804354703
2,per_leg_friction,1.8573170117174584,0.01189636257650172,0.01318354663,-9.76356430954027,154.26827429098543
3,default(mult=1),1.9367352756000897,0.020108733381844303,0.01496689828,34.35471402057463,308.79461545941496
3,global_mean_mult,1.9367352756000897,0.01447896435078946,0.01496689828,-3.2600871608953,225.8761648154605
3,per_leg_friction,1.9367352756000897,0.013500478452184314,0.01496689828,-9.7977536853794,211.43812015622612
4,default(mult=1),2.0918635926340534,0.023756879589009468,0.01698467657,39.87242848634043,437.7770065531293
4,global_mean_mult,2.0918635926340534,0.016454440015466795,0.01698467657,-3.1218525259984036,307.5711869017962
4,per_leg_friction,2.0918635926340534,0.015241892318128513,0.01698467657,-10.260921040732459,285.92262723327883
