{
  "generated_at": "2026-06-05T10:28:39-05:00",
  "source_id": "viscosity_screening_salt_test_2_kirst_coarse_mesh",
  "case_id": "salt_test_2_kirst",
  "base_case_id": "salt_test_2",
  "variant_label": "kirst",
  "fluid": "hitec_salt_kirst",
  "run_status": "completed",
  "convergence_reached": true,
  "final_time": "586.560241",
  "exp_case_name": "Salt 2",
  "exp_reference_status": "available",
  "exp_tp_rmse_k": 4.4221360873972575,
  "exp_tw_rmse_k": 6.971738348376763,
  "exp_all_temp_rmse_k": 6.140964304544514,
  "tw10_excluded_from_rmse": true,
  "tw10_raw_error_k": -50.64188200000001,
  "exp_mdot_abs_error_pct": 27.121653571428574,
  "sim_mdot_kg_s": 0.012243562199999999,
  "exp_mdot_kg_s": 0.0168,
  "sim_total_wall_q_net_w": -0.7733511059899865,
  "sim_ambient_noncooling_proxy_w": 108.08212226599001,
  "sim_ambient_proxy_w": 188.09286214599,
  "sim_cooling_branch_total_removal_w": 136.35073988,
  "sim_cooling_branch_excess_over_operating_cooling_w": 80.01073987999999,
  "exp_qhx_reference_w": 56.34,
  "exp_q_external_loss_reference_w": 236.41196517975052,
  "exp_q_external_loss_reference_status": "ethan_prescribed_segment_loss_proxy_from_validation_imposed_ethan_v2_qambient_total_W",
  "exp_q_external_loss_abs_error_pct": 20.43851841298395,
  "tp_max_abs_error_label": "TP3",
  "tp_max_abs_error_k": 6.417052999999953,
  "tw_max_abs_error_label": "TW5",
  "tw_max_abs_error_k": 15.821894249999957,
  "tw_top3_abs_error_summary": "TW5:15.822; TW9:10.851; TW6:7.614",
  "sim_section_downcomer_net_q_w": -22.847201978,
  "sim_section_heater_net_q_w": 243.65951103999998,
  "sim_section_upcomer_net_q_w": -19.80404464489,
  "sim_section_test_section_net_q_w": -5.039731247,
  "sim_section_cooling_branch_net_q_w": -136.35073988,
  "sim_section_upper_transport_net_q_w": -12.248754186100001,
  "sim_section_lower_transport_net_q_w": -6.6119376016,
  "sim_section_junctions_net_q_w": -41.530452608400005,
  "sim_section_other_net_q_w": 0.0,
  "exp_minus_sim_TP1_K": 3.74212399999999,
  "exp_minus_sim_TP2_K": 3.6589010000000144,
  "exp_minus_sim_TP3_K": 6.417052999999953,
  "exp_minus_sim_TP4_K": 2.04427400000003,
  "exp_minus_sim_TP5_K": 2.9035409999999615,
  "exp_minus_sim_TP6_K": 6.012694999999951,
  "exp_minus_sim_TW1_K": 1.1142527499999915,
  "exp_minus_sim_TW2_K": 3.4534607499999765,
  "exp_minus_sim_TW3_K": 0.6547387499999218,
  "exp_minus_sim_TW4_K": -6.109803499999998,
  "exp_minus_sim_TW5_K": 15.821894249999957,
  "exp_minus_sim_TW6_K": 7.613678249999964,
  "exp_minus_sim_TW7_K": 2.991081250000036,
  "exp_minus_sim_TW8_K": 0.3687632499999154,
  "exp_minus_sim_TW9_K": 10.85065099999997,
  "exp_minus_sim_TW10_K": -50.64188200000001,
  "exp_minus_sim_TW11_K": -0.07354825000004439,
  "exp_minus_sim_mdot_kg_s": 0.0045564378
}
