case_id,time_window_s,interface_area_m2,trusted_wall_area_m2,seeded_cv_volume_m3,mdot_exchange_net_proxy_kg_s,mdot_exchange_positive_outward_proxy_kg_s,mdot_exchange_negative_inward_proxy_kg_s,tau_recirc_proxy_s,trusted_wall_T_area_avg_K,interface_core_T_area_avg_K,seeded_cv_T_volume_avg_K,delta_T_wall_minus_core_K,delta_T_core_minus_seed_K,source_side_q_net_W,hA_source_side_proxy_W_K,finite_required_metrics,evidence_role,production_harvest_allowed,coefficient_admission_allowed
salt_2,7915,0.0623473180949,0.063435001093,1.19084663056e-05,-1.47315450054e-06,2.68592194714e-05,-2.83323739719e-05,868.807159089,443.188800694,443.330957335,443.184540921,-0.142156641269,0.146416414127,166.349260094,1136.13805588,true,diagnostic_thesis_evidence_only,false,false
salt_3,7618,0.0623473180949,0.063435001093,1.19084663056e-05,-3.65924508308e-06,4.23665968058e-05,-4.60258418889e-05,547.838912867,455.466977289,455.621257297,455.462760824,-0.154280008347,0.158496473136,183.730361326,1159.20788451,true,diagnostic_thesis_evidence_only,false,false
salt_4,10000,0.0623473180949,0.063435001093,1.19084663056e-05,2.79583272034e-06,7.65896288069e-05,-7.37937960865e-05,301.390653047,469.906413889,470.076946819,469.904568133,-0.17053292931,0.172378686086,205.373184962,1191.40706792,true,diagnostic_thesis_evidence_only,false,false
