form_label,form_target,multiplier_code,axial_mixing_multiplier,ready_for_separate_salt1_4_bounded_comparison,delta_mass_flow_abs_error_kg_s,delta_area_weighted_velocity_abs_error_m_s,delta_all_rmse_K,delta_tp_rmse_K,delta_tw_rmse_K,delta_tw_no_tw10_rmse_K,max_positive_core_delta_K,worsened_core_metrics
lower_vertical_only_m010,lower_vertical_only,m010,0.01,false,-0.0000008536132558999328,-0.0000011744975759002407,0.000022100873877661797,0.00020122869403138566,-0.000054603074104875304,-0.00007635698972308091,0.00020122869403138566,all_rmse_K;tp_rmse_K
lower_vertical_only_m020,lower_vertical_only,m020,0.02,false,-0.0000017075275037998529,-0.0000023494064834012063,0.00004417551409119369,0.0004024718262272131,-0.00010925012657025945,-0.0001527585081930738,0.0004024718262272131,all_rmse_K;tp_rmse_K
lower_vertical_only_m035,lower_vertical_only,m035,0.035,false,-0.0000029882483796998295,-0.000004111563176100591,0.00007740272455691866,0.000704467229915906,-0.0001911125983298234,-0.0002672531902874198,0.000704467229915906,all_rmse_K;tp_rmse_K
upper_vertical_only_m010,upper_vertical_only,m010,0.01,false,-0.0000008512053200999611,-0.0000011608860621004774,0.000020374491313646104,0.00019863866604197256,-0.00005596049696521277,-0.0000781041153032902,0.00019863866604197256,all_rmse_K;tp_rmse_K
upper_vertical_only_m020,upper_vertical_only,m020,0.02,false,-0.0000017024106403001026,-0.0000023217720261006075,0.00004076154441179369,0.0003973028453785332,-0.00011191428104950774,-0.00015620276865746519,0.0003973028453785332,all_rmse_K;tp_rmse_K
upper_vertical_only_m035,upper_vertical_only,m035,0.035,false,-0.000002979519612299978,-0.0000040635125070007105,0.0000712994401794731,0.0006953064906056738,-0.00019590968247484852,-0.0002734179445553764,0.0006953064906056738,all_rmse_K;tp_rmse_K
