span,a,b,rmse,Re_min,Re_max,f_trend
lower_leg,3.1133142165716454,-31.818288135182318,0.03200536571679001,67.99763118266802,122.6024614073759,falling
right_leg,4.361423696722729,-134.05059243808788,0.041191534914067206,61.15899206065987,117.99501141241286,falling
left_lower_leg,2.8818144444997524,-97.39307756228514,0.062472817912221694,71.12521667906103,134.88326391686644,falling
test_section_span,0.4191977181478387,71.45534560809364,0.007771969107173344,68.79759596170659,123.66235290899029,rising
left_upper_leg,0.5449437540582918,32.56310388478221,0.0053416064871459595,66.64763746835195,119.83306251141927,rising
upper_leg,2.5491383130556806,-20.124803401206254,0.008261644335168518,62.705232933531015,114.87772115689725,falling
