span,f_leg,L_int,grad,dP_cfd,dP_1d_perleg,pct_err
lower_leg,2.665588431030625,0.3568416202986929,21.283216875218915,7.594737594921601,7.594737594921601,0.0
right_leg,2.194077200921516,0.3657599999905402,19.653417673536296,7.188434048086719,7.188434048086719,0.0
left_lower_leg,1.5512184718037778,0.12191999999765796,13.0120063643102,1.5864238159062247,1.5864238159062247,0.0
test_section_span,1.4627570614045844,0.09807272727386546,13.934822047955624,1.3666260023189991,1.3666260023189991,0.0
left_upper_leg,1.0368826444445471,0.14309041771286912,8.231617186494693,1.1778655416679582,1.1778655416679582,0.0
upper_leg,2.2333782606997006,0.35687444321026807,18.797822004025647,6.708462261252379,6.708462261252379,0.0
