D_h_m,Nu,R_prime_thermal_mkw,T_bulk_k,T_bulk_simple_area_mean_k,T_wall_k,abs_delta_T_k,blocker_B1,cfd_spans,convergence_status,cp_bulk_jkgk,cutplane_schema,delta_T_k,flow_alignment,htc_times_perimeter_check_wmk,htc_wm2k,k_bulk_wmk,mesh,mesh_independence,n_masked,n_wall_patches,n_wall_patches_T_used,n_wall_patches_present,nu_direct_admitted,nu_note,q_sign,q_w_wm2,qprime_wall_wm,qr_caveat,radiation_mode,segment,segment_length_m,segment_length_source,sign_consistent_heated_wall,station_label,status,thermally_blocked,uaprime_wmk,wall_T_weighting,wall_area_m2,wall_duty_Q_w,wall_patches_missing,wetted_perimeter_m
0.021814958697095353,nan,0.042461448675839474,457.281862081799,457.02714013715274,473.12876962354375,15.84690754174477,False,lower_leg,stationary,1423.47,x y z U(3) p_rgh rho T,15.84690754174477,0.9999998482952002,23.550774436224057,269.04105533920483,0.5429683946201471,coarse,UNESTABLISHED,576,9,9,9,False,Nu_direct_not_admitted_on_these_spans,positive_out_of_fluid_cooled,4263.468728893817,373.20694502732886,qr_not_applicable,rad_off,lower_leg,0.7122807201096812,mesh_centerline,False,TW2,computed,False,23.550774436224053,area_weighted_Qoverq,0.062350196156586046,265.82811155400003,,0.08753598742218516
0.021814958682552486,4.059673513497697,0.11471201092859969,469.5229400055167,466.3103653993055,464.39070117816766,5.132238827349056,False,left_lower_leg+test_section_span+left_upper_leg,stationary,1423.47,x y z U(3) p_rgh rho T,-5.132238827349056,0.8922345726967486,8.717482954966513,101.57469215035427,0.5458191908993826,coarse,UNESTABLISHED,576,7,7,7,True,,negative_into_fluid_heated,-521.3055789300755,-44.740204498232714,qr_not_applicable,rad_off,upcomer,0.7290737056226123,mesh_centerline,False,TW7,computed,False,8.717482954966512,area_weighted_Qoverq,0.06257156647121799,-32.618906683839995,,0.0858233755910636
0.02181495867542648,1.7573223465487335,0.262862316226861,464.50586871387867,465.7626334184028,455.39744061855805,9.108428095320619,False,right_leg,stationary,1423.47,x y z U(3) p_rgh rho T,-9.108428095320619,0.9914979615756111,3.804272953057899,43.87013009466919,0.5445927874190679,coarse,UNESTABLISHED,576,3,3,3,True,,negative_into_fluid_heated,-399.5879254996555,-34.65094664790091,qr_not_applicable,rad_off,downcomer,0.7315199999748211,mesh_centerline,False,TW5,computed,False,3.8042729530578994,area_weighted_Qoverq,0.06343500109344984,-25.347860491,,0.0867167009728145
