D_h_m,Nu,R_prime_thermal_mkw,T_bulk_k,T_bulk_simple_area_mean_k,T_wall_k,abs_delta_T_k,blocker_B1,cfd_spans,convergence_status,cp_bulk_jkgk,cutplane_schema,delta_T_k,flow_alignment,htc_times_perimeter_check_wmk,htc_wm2k,k_bulk_wmk,mesh,mesh_independence,n_masked,n_wall_patches,n_wall_patches_T_used,n_wall_patches_present,nu_direct_admitted,nu_note,q_sign,q_w_wm2,qprime_wall_wm,qr_caveat,radiation_mode,segment,segment_length_m,segment_length_source,sign_consistent_heated_wall,station_label,status,thermally_blocked,uaprime_wmk,wall_T_weighting,wall_area_m2,wall_duty_Q_w,wall_patches_missing,wetted_perimeter_m
0.021814958697095353,nan,0.039655097555894595,472.5491302706747,471.9797915486112,489.3809605881929,16.83183031751821,False,lower_leg,stationary,1423.47,x y z U(3) p_rgh rho T,16.83183031751821,0.9999991277547882,25.21743890783478,288.08081855707263,0.5465978759929704,coarse,UNESTABLISHED,576,9,9,9,False,Nu_direct_not_admitted_on_these_spans,positive_out_of_fluid_cooled,4848.9274556843975,424.4556527390567,qr_not_applicable,rad_off,lower_leg,0.7122807201096812,mesh_centerline,False,TW2,computed,False,25.217438907834776,area_weighted_Qoverq,0.06235019615176482,302.3315779876001,,0.08753598741541645
0.021814958682552486,4.986448546117098,0.09266696392887122,484.92861535005727,482.12553492361104,479.67565576041426,5.252959589643012,False,left_lower_leg+test_section_span+left_upper_leg,stationary,1423.47,x y z U(3) p_rgh rho T,-5.252959589643012,0.9095828881177962,10.79133228933209,125.73884698104061,0.5500884499889465,coarse,UNESTABLISHED,576,7,7,7,True,,negative_into_fluid_heated,-660.5010820397126,-56.68643243427128,qr_not_applicable,rad_off,upcomer,0.7290737056226123,mesh_centerline,False,TW7,computed,False,10.79133228933209,area_weighted_Qoverq,0.06257156646246814,-41.32858735338,,0.08582337557906228
0.02181495867542648,1.738581096534231,0.2637400496543467,479.9697055589495,481.32463169791663,469.82973023176163,10.13997532718787,False,right_leg,stationary,1423.47,x y z U(3) p_rgh rho T,-10.13997532718787,0.9914614367332937,3.7916122383027644,43.72412921405031,0.5486313372582646,coarse,UNESTABLISHED,576,3,3,3,True,,negative_into_fluid_heated,-443.3615914332445,-38.44685454665361,qr_not_applicable,rad_off,downcomer,0.7315199999748211,mesh_centerline,False,TW5,computed,False,3.7916122383027653,area_weighted_Qoverq,0.06343500109263442,-28.124643037,,0.08671670097169981
