D_h_m,Nu,R_prime_thermal_mkw,T_bulk_k,T_bulk_simple_area_mean_k,T_wall_k,abs_delta_T_k,blocker_B1,cfd_spans,convergence_status,cp_bulk_jkgk,cutplane_schema,delta_T_k,flow_alignment,htc_times_perimeter_check_wmk,htc_wm2k,k_bulk_wmk,mesh,mesh_independence,n_masked,n_wall_patches,n_wall_patches_T_used,n_wall_patches_present,nu_direct_admitted,nu_note,q_sign,q_w_wm2,qprime_wall_wm,qr_caveat,radiation_mode,segment,segment_length_m,segment_length_source,sign_consistent_heated_wall,station_label,status,thermally_blocked,uaprime_wmk,wall_T_weighting,wall_area_m2,wall_duty_Q_w,wall_patches_missing,wetted_perimeter_m
0.021814958697095353,nan,0.04530008225742274,444.552589299952,444.34572188368054,459.6159870539931,15.063397754041091,False,lower_leg,stationary,1423.47,x y z U(3) p_rgh rho T,15.063397754041091,0.9999998078741184,22.075015103005533,252.182168179549,0.5405124708203268,coarse,UNESTABLISHED,576,9,9,9,False,Nu_direct_not_admitted_on_these_spans,positive_out_of_fluid_cooled,3798.720305765031,332.5247329230367,qr_not_applicable,rad_off,lower_leg,0.7122807201096812,mesh_centerline,False,TW2,computed,False,22.075015103005533,area_weighted_Qoverq,0.06235019615980919,236.85095622070003,,0.08753598742671026
0.021814958682552486,3.1071791712665062,0.15069550410512197,456.73846689979774,452.7134786961806,451.41394678930783,5.324520110489914,False,left_lower_leg+test_section_span+left_upper_leg,stationary,1423.47,x y z U(3) p_rgh rho T,-5.324520110489914,0.8675107096099733,6.635898037823487,77.32040359661,0.542852959808817,coarse,UNESTABLISHED,576,7,7,7,True,,negative_into_fluid_heated,-411.6940439013467,-35.33297255355171,qr_not_applicable,rad_off,upcomer,0.7290737056226123,mesh_centerline,False,TW7,computed,False,6.635898037823487,area_weighted_Qoverq,0.06257156646272224,-25.76034123028,,0.0858233755794108
0.02181495867542648,1.7388960367870674,0.267016609265299,451.56330659945036,452.8379755277777,443.12511386393857,8.438192735511791,False,right_leg,stationary,1423.47,x y z U(3) p_rgh rho T,-8.438192735511791,0.99039988569346,3.7450853815855045,43.18759062387763,0.5418009385379339,coarse,UNESTABLISHED,576,3,3,3,True,,negative_into_fluid_heated,-364.4252134666614,-31.601752260766208,qr_not_applicable,rad_off,downcomer,0.7315199999748211,mesh_centerline,False,TW5,computed,False,3.7450853815855045,area_weighted_Qoverq,0.06343500108867971,-23.117313813,,0.08671670096629366
