span,medium_f_corrected,fine_f_corrected,delta_f_corrected,delta_pct_f_corrected,mesh_agreement,medium_f_corrected_over_flam,fine_f_corrected_over_flam,medium_f_raw_buoyancy_embedded,fine_f_raw_buoyancy_embedded,medium_buoyancy_fraction_of_raw_grad,fine_buoyancy_fraction_of_raw_grad,medium_inertial_grad_pa_m,fine_inertial_grad_pa_m,medium_Re,fine_Re,sign_review,buoyancy_review,fit_safety
left_lower_leg,1.35536317092,1.36437896511,0.00901579418674,0.665193977538,strong_medium_fine_agreement,1.48007077258,1.49013442794,1.79195553467,1.80956777469,0.243640177061,0.24601941735,-0.0778644987479,-0.0847051084004,69.8886700461,69.8989106599,corrected_f_positive_both_meshes,moderate_buoyancy_correction,fit_safe_momentum_corrected
left_upper_leg,1.00486829829,1.01614705201,0.011278753714,1.12241113917,strong_medium_fine_agreement,1.04580287945,1.05468318266,2.27363962473,2.35957204037,0.55803536877,0.569351121889,-0.0235718250832,-0.0255306808648,66.6071209515,66.4271215046,corrected_f_positive_both_meshes,moderate_buoyancy_correction,fit_safe_momentum_corrected
lower_leg,2.31629298737,2.34666892699,0.0303759396192,1.31140316811,strong_medium_fine_agreement,2.4490680127,2.47107869292,0.756830591287,0.719750288331,2.06051712766,2.2603931739,0.00338704123516,-0.0282984213865,67.668621227,67.3929903481,corrected_f_positive_both_meshes,strong_buoyancy_correction,fit_safe_momentum_corrected
right_leg,2.19091313694,2.23011349428,0.0392003573387,1.7892246241,strong_medium_fine_agreement,2.07358692182,2.10721472974,1.70428527403,1.70094313759,0.285531929617,0.311104083959,-0.006753322186,-0.00729971294368,60.5727177215,60.4730400713,corrected_f_positive_both_meshes,moderate_buoyancy_correction,fit_safe_momentum_corrected
test_section_span,1.32067321753,1.26014443368,-0.0605287838475,-4.583176447,strong_medium_fine_agreement,1.43363820355,1.40396681619,0.68696315994,0.654071614869,0.922480410218,0.9266153813,0.0498317812872,0.0484180885108,69.4742982669,71.3044265678,corrected_f_positive_both_meshes,moderate_buoyancy_correction,fit_safe_momentum_corrected
upper_leg,2.20007711588,2.24457976036,0.0445026444861,2.02277657292,strong_medium_fine_agreement,2.15895469693,2.17870308705,-11.0192919874,-11.206516151,1.19965684895,1.20029237723,0.0227096050093,0.00977389121647,62.8037533806,62.1216496885,corrected_f_positive_both_meshes,strong_buoyancy_correction,fit_safe_momentum_corrected
