Gr_section_mean,Gr_section_median,Pr_section_mean,Pr_section_median,Ra_section_mean,Ra_section_median,Re_section_mean,Re_section_median,Ri_section_mean,Ri_section_median,Ri_streamwise_median,Ri_transverse_median,backflow_area_fraction,buoyancy_streamwise_frac_cos,buoyancy_transverse_frac_sin,flow_alignment,inclination_from_vertical_deg,label,n_masked,recirculation_intensity,span,status,u_bulk_m_s
13127.067954980555,9255.544555,22.749850024131945,23.03622915,284042.4016267691,213212.3495,85.70066494564385,43.9242917,159.47642036973872,2.6337849550000003,2.6337849550000003,0.0,0.2777777777777778,1.0,0.0,0.8675107096099733,0.0,TW7,576,0.07093855380052545,left_lower_leg,analyzed,0.01434903897330204
14248.189957155937,10975.50305,22.608837863020835,22.8084826,309376.4443995885,250334.57,80.0181327204375,40.9006155,243.10030969759308,3.902839045,3.902839045,0.0,0.2361111111111111,1.0,0.0,0.8978441024567874,0.0,TP4,576,0.050703272855752345,left_lower_leg,analyzed,0.013872424314215433
10745.666419747535,7802.76966,23.04251457309028,23.23801075,235163.31091870466,181320.801,76.63015492889237,26.6510725,84.78284157202083,3.62595973,3.62595973,0.0,0.3333333333333333,1.0,0.0,0.8846583851440014,0.0,TP5,576,0.05962019327650649,test_section_span,analyzed,0.013200650862351627
11526.255393157984,8653.486519999999,22.861436225347223,23.118763649999998,254770.67965434026,200057.06650000002,78.31729899629165,31.36111615,176.94248369884897,5.80510653,5.80510653,0.0,0.3055555555555556,1.0,0.0,0.8888101252557683,0.0,TW8,576,0.058858246058982246,left_upper_leg,analyzed,0.013573199100285123
13073.690953473946,11599.232250000001,22.59356690210918,22.72867265,291831.07094478904,263635.15249999997,50.8326098038753,36.02926535,265.2526907198275,9.84662496,4.273015491954498,8.871153347136541,0.33002481389578164,0.4339573721262659,0.9009334044074876,0.4968190149748488,64.2810316115268,TP6,1612,0.048434885360772006,left_upper_leg,analyzed,0.00497482800754741
