Gr_section_mean,Gr_section_median,Pr_section_mean,Pr_section_median,Ra_section_mean,Ra_section_median,Re_section_mean,Re_section_median,Ri_section_mean,Ri_section_median,Ri_streamwise_median,Ri_transverse_median,backflow_area_fraction,buoyancy_streamwise_frac_cos,buoyancy_transverse_frac_sin,flow_alignment,inclination_from_vertical_deg,label,n_masked,recirculation_intensity,span,status,u_bulk_m_s
30956.962636854165,28274.7171,15.946028265277777,15.9471594,478795.8124497569,450901.306,152.66518588537934,119.923622,163.85099566954426,1.4979865399999999,1.4979865399999999,0.0,0.171875,1.0,0.0,0.9095828881177962,0.0,TW7,576,0.047306417606096066,left_lower_leg,analyzed,0.0195796597427897
32890.41094621354,31215.47985,15.92268302708333,15.8383211,510783.72199729166,494400.7925,141.83982547154167,105.7491755,220.82836938880382,2.3675156250000002,2.3675156250000002,0.0,0.14583333333333334,1.0,0.0,0.9237733195255174,0.0,TP4,576,0.03712605167301079,left_lower_leg,analyzed,0.018515263267683234
21020.71151309132,18883.0383,16.30961539704861,16.3221053,331655.20953781594,308210.9405,132.458775101842,52.1776182,64.17104118395312,2.884644265,2.884644265,0.0,0.2951388888888889,1.0,0.0,0.9058058501686134,0.0,TP5,576,0.04779731281449157,test_section_span,analyzed,0.017137108741123494
23409.79026411458,20811.384100000003,16.181319893055555,16.24142725,371582.2296640625,338006.3085,136.56248368886634,68.37432910000001,186.30740957846353,4.18110728,4.18110728,0.0,0.2673611111111111,1.0,0.0,0.9062667227330848,0.0,TW8,576,0.04916134996125628,left_upper_leg,analyzed,0.01769812351736813
26819.470155272953,27142.3223,16.017695507816377,15.99008775,427067.22333002475,434008.091,96.8769991641737,75.688181,253.95135846770597,4.908075395,2.1298955006117843,4.421849074705975,0.33312655086848636,0.4339573721262659,0.9009334044074876,0.49144830060478667,64.2810316115268,TP6,1612,0.08493575468484577,left_upper_leg,analyzed,0.006853352013720668
