Gr_section_mean,Gr_section_median,Pr_section_mean,Pr_section_median,Ra_section_mean,Ra_section_median,Re_section_mean,Re_section_median,Ri_section_mean,Ri_section_median,Ri_streamwise_median,Ri_transverse_median,backflow_area_fraction,buoyancy_streamwise_frac_cos,buoyancy_transverse_frac_sin,flow_alignment,inclination_from_vertical_deg,label,n_masked,recirculation_intensity,span,status,u_bulk_m_s
22480.353409302086,18963.58395,19.14184879045139,19.2544229,415646.188470191,365131.12399999995,112.25135749792882,73.16057334999999,209.80467803769272,2.39573092,2.39573092,0.0,0.21875,1.0,0.0,0.8922345726967486,0.0,TW7,576,0.05694156546814754,left_lower_leg,analyzed,0.01661593439061976
23689.795700458333,21972.5993,19.074575281250002,19.0462058,438609.12540015625,418493.7905,104.7721306403507,64.43491875,299.20488857617363,3.29864599,3.29864599,0.0,0.18055555555555555,1.0,0.0,0.9138770901372876,0.0,TP4,576,0.04230751298789286,left_lower_leg,analyzed,0.015908772409006157
17181.14457713889,15154.58135,19.495995219618056,19.5353968,323276.93756041664,296048.012,99.13331408214063,36.4261101,101.86546464367188,6.468778665,6.468778665,0.0,0.3125,1.0,0.0,0.8996350033803854,0.0,TP5,576,0.05127911601016256,test_section_span,analyzed,0.014959405317015055
18751.098219739582,16334.9222,19.341028891840278,19.44607885,355020.9961953125,317650.1625,101.61608015802709,47.161142850000005,270.5954144188351,6.39068616,6.39068616,0.0,0.28125,1.0,0.0,0.9024369645710937,0.0,TW8,576,0.05127404968188899,left_upper_leg,analyzed,0.01540167633101107
20869.31232747519,19602.699800000002,19.146212472704715,19.209222750000002,396789.34604838706,376552.591,69.41910015825559,52.902902850000004,301.91996950589396,7.745095865,3.361041448441408,6.977815585116804,0.3163771712158809,0.4339573721262659,0.9009334044074876,0.496932229347928,64.2810316115268,TP6,1612,0.05605273180271971,left_upper_leg,analyzed,0.0058437991115357696
