metric_group,count,baseline_mae_K,corrected_mae_K,delta_mae_K,baseline_rmse_K,corrected_rmse_K,delta_rmse_K,baseline_max_abs_error_K,corrected_max_abs_error_K,delta_max_abs_error_K,claim_boundary
all,16,81.5815150583415,7.2808975996294265,-74.30061745871207,83.36187927489736,12.808105478110905,-70.55377379678646,109.09380824932663,39.22710205477074,-69.86670619455589,train-only empirical diagnostic; not physics admission; no Fluid solve; no validation/holdout/external-test scoring; no freeze/admission
TP,5,80.24939106239617,7.417446376296164,-72.8319446861,80.4585733904668,12.175531137474332,-68.28304225299246,87.92395687812393,26.700511113969014,-61.22344576415492,train-only empirical diagnostic; not physics admission; no Fluid solve; no validation/holdout/external-test scoring; no freeze/admission
TW,11,82.18702596558934,7.218829973871819,-74.96819599171752,84.6486516564125,13.08553421501843,-71.56311744139407,109.09380824932663,39.22710205477074,-69.86670619455589,train-only empirical diagnostic; not physics admission; no Fluid solve; no validation/holdout/external-test scoring; no freeze/admission
