admission_or_score,baseline_qambient_total_W,baseline_qhx_total_W,case_id,corrected_outer_surface_convection_W,corrected_outer_surface_radiation_W,corrected_outer_surface_total_W,corrected_radiation_fraction_of_naive,corrected_total_fraction_of_baseline_qambient,diagnostic_delta_corrected_total_minus_qambient_W,mdot_model_kg_s,naive_inner_surface_radiation_W,numeric_q_loss_release,scenario_id
False,256.393763167,46.3059033707,salt_2,16.202064712137858,22.405251648168736,38.6073163603066,0.034100330374132196,0.15057821954569167,-217.7864468066934,0.0202249109771,657.0391372268023,False,salt_2__V00__nominal
False,284.756460812,49.7430738118,salt_3,17.434804126513818,23.927620635885464,41.362424762399286,0.03188911583219534,0.14525543913719066,-243.39403604960071,0.0224379768059,750.3381643378168,False,salt_3__V00__nominal
False,320.69240018,53.9069751001,salt_4,19.023960797429705,25.653097893398055,44.677058690827764,0.02945903177000684,0.1393143668691593,-276.0153414891722,0.0250322463943,870.8058735153772,False,salt_4__V00__nominal
