source_id,exp_case_name,variant_label,lower_leg_abs_delta_p_rgh_pa,right_leg_abs_delta_p_rgh_pa,upper_leg_abs_delta_p_rgh_pa,left_leg_abs_delta_p_rgh_pa,test_section_branch_abs_delta_p_rgh_pa,connector_span_abs_delta_p_rgh_pa
val_salt_test_2_coarse_mesh_laminar,Salt 2,,2.0012747610000003,9.621540102,36.74926249,15.473324062,1.30412733,5.0090161779999995
viscosity_screening_salt_test_1_jin_coarse_mesh,Salt 1,jin,1.0901533299999997,10.327483578999999,42.700449213,15.51084687,0.09978979999999993,2.3337575499999996
viscosity_screening_salt_test_1_kirst_coarse_mesh,Salt 1,kirst,0.9499948299999996,10.2519775054,43.977919921,15.569077550000001,0.31092319999999773,2.6847941199999994
viscosity_screening_salt_test_2_jin_coarse_mesh,Salt 2,jin,1.997236888999999,10.355382779,38.21248244,15.901127658,1.0865773700000005,4.623716025999999
viscosity_screening_salt_test_2_kirst_coarse_mesh,Salt 2,kirst,2.073251257,10.946911616000001,40.985697655,16.796015536,0.6241865400000002,4.475429775
viscosity_screening_salt_test_3_jin_coarse_mesh,Salt 3,jin,2.2463435369999996,9.653894862000001,38.022483570000006,15.213591897,1.88050359,6.5907313400000005
viscosity_screening_salt_test_3_kirst_coarse_mesh,Salt 3,kirst,2.355630596000001,9.906778217,39.90032096,16.652887217,1.4150439299999995,6.195989340000001
viscosity_screening_salt_test_4_jin_coarse_mesh,Salt 4,jin,2.543028036,11.055311839,38.42732622,15.272479906,2.900423739999999,8.780575246
viscosity_screening_salt_test_4_kirst_coarse_mesh,Salt 4,kirst,2.6227815050000007,10.798596812,40.704847889999996,15.871287087999999,2.3571741,8.549963478999999
