source_id,case_label,section_name,section_kind,re_value,friction_target_value,support_fraction,direct_to_shear_ratio,pressure_loss_hydro_pa,direct_prgh_darcy,shear_darcy_core,property_temperature_k,window_start_s,window_end_s,window_min_time_s,window_span_s,time_sample_count,time_resolution_status,fit_use_status,exclusion_reason_primary
viscosity_screening_salt_test_2_jin_coarse_mesh,Salt 2 Jin,lower_leg,main_loop_leg,82.53493739464409,2.9874429143649737,0.7472527472527476,0.5071068853525249,18.83438228716083,0.5124648558889314,1.0105657617578625,447.2176978105753,5009.0,5029.0,5009.0,20.0,21,late_window_mean,excluded,support_fraction_below_floor
viscosity_screening_salt_test_2_jin_coarse_mesh,Salt 2 Jin,test_section_span,test_section_leg,98.16984722727742,45.96661534444505,1.0,0.7015590186909904,112.11818836374216,0.7552977982324577,1.076599085906894,454.94190737761943,5009.0,5029.0,5009.0,20.0,21,late_window_mean,fit_used,
viscosity_screening_salt_test_3_jin_coarse_mesh,Salt 3 Jin,lower_leg,main_loop_leg,110.31812062345223,2.1762657708303683,0.7472527472527476,0.5460513102803587,17.74371365456041,0.41826790582924483,0.765986452105561,460.0332087185877,4931.0,4951.0,4931.0,20.0,21,late_window_mean,excluded,support_fraction_below_floor
viscosity_screening_salt_test_3_jin_coarse_mesh,Salt 3 Jin,test_section_span,test_section_leg,129.8452096812676,35.05219928898946,1.0,1.0802087788677646,110.57457894305142,0.8911293231693855,0.8249602674988762,467.61155386600115,4931.0,4951.0,4931.0,20.0,21,late_window_mean,fit_used,
viscosity_screening_salt_test_4_jin_coarse_mesh,Salt 4 Jin,lower_leg,main_loop_leg,151.18073340396083,1.673245023176543,0.7582417582417585,0.6354104520729764,17.97215975683377,0.3677947772535452,0.5788302286398402,475.64847889538845,7797.0,7817.0,7797.0,20.0,21,late_window_mean,fit_used,
viscosity_screening_salt_test_4_jin_coarse_mesh,Salt 4 Jin,test_section_span,test_section_leg,176.01541249028412,26.29942672608075,1.0,1.4472368667712356,109.30278351846309,0.9295540894856312,0.6422957504941488,483.0676812139086,7797.0,7817.0,7797.0,20.0,21,late_window_mean,fit_used,
