family,velocity_mode,color_min,color_max,scale_min,scale_max,reference_span
y_velocity_side_z,y_component,-0.07702504843473434,0.07702504843473434,0.0,0.07702504843473434,0.44822875372000004
velocity_magnitude_side_z,magnitude,0.0,0.07704159866519554,0.0,0.07704159866519554,0.44822875372000004
