comparison,m3_transfer_rmse_K,d2_transfer_rmse_K,rmse_reduction_K,rmse_reduction_pct,m3_transfer_tp_rmse_K,d2_transfer_tp_rmse_K,tp_rmse_reduction_K,m3_transfer_tw_rmse_K,d2_transfer_tw_rmse_K,tw_rmse_reduction_K,status
D2_vs_M3_transfer,17.3645293096,10.5253939442,6.8391353654,39.3856651307,13.5673279702,4.38159298515,9.18573498505,18.980361511,12.5130610954,6.4673004156,promising_diagnostic_not_admitted
D2_vs_D1_global_offset,10.5420700958,10.5253939442,0.0166761516,0.158186688653,5.40150510037,4.38159298515,1.01991211522,12.3334802138,12.5130610954,-0.1795808816,diagnostic_ordering_signal
D2_vs_D3_D4_context,10.5253939442,7.94040349151,2.58499045269,24.5595601114,4.38159298515,3.45876115037,0.92283183478,12.5130610954,9.41241186224,3.10064923316,supports_layered_analysis_plan
