sensitivity_id,kind,root_status,root_rejection_reason,mdot_kg_s,pressure_residual_Pa,qambient_total_W,qhx_total_W,temperature_periodicity_error_K,all_probe_count,tp_count,tw_count,all_mae_K,tp_mae_K,tw_mae_K,all_rmse_K,tp_rmse_K,tw_rmse_K,all_bias_K,tp_bias_K,tw_bias_K,max_abs_error_K,delta_all_mae_vs_phase_e_K,delta_tp_mae_vs_phase_e_K,delta_tw_mae_vs_phase_e_K,claim_boundary
baseline_phase_e_recomputed,baseline,accepted,,0.00626567502343775,-1.3016870923365786e-06,288.37885218645016,14.312904798460508,4.201831416139612e-08,16,5,11,81.5815150583415,80.24939106239617,82.18702596558934,83.36187927489736,80.4585733904668,84.6486516564125,-81.5815150583415,-80.24939106239617,-82.18702596558934,109.09380824932663,0.0,0.0,0.0,diagnostic sensitivity only; not selected as fit
global_passive_hA_scale_1,global_hA_scale,accepted,,0.00626567502343775,-1.3016870923365786e-06,288.37885218645016,14.312904798460508,4.201831416139612e-08,16,5,11,81.5815150583415,80.24939106239617,82.18702596558934,83.36187927489736,80.4585733904668,84.6486516564125,-81.5815150583415,-80.24939106239617,-82.18702596558934,109.09380824932663,0.0,0.0,0.0,diagnostic sensitivity only; not selected as fit
