{
  "generated_at": "2026-06-05T10:28:39-05:00",
  "source_id": "viscosity_screening_salt_test_1_kirst_coarse_mesh",
  "case_id": "salt_test_1_kirst",
  "base_case_id": "salt_test_1",
  "variant_label": "kirst",
  "fluid": "hitec_salt_kirst",
  "run_status": "completed",
  "convergence_reached": true,
  "final_time": "3279.163522013",
  "exp_case_name": "Salt 1",
  "exp_reference_status": "available",
  "exp_tp_rmse_k": 17.329684694597706,
  "exp_tw_rmse_k": 17.690732707468666,
  "exp_all_temp_rmse_k": 17.55620984679648,
  "tw10_excluded_from_rmse": true,
  "tw10_raw_error_k": -32.94679725000003,
  "exp_mdot_abs_error_pct": 30.809515537974686,
  "sim_mdot_kg_s": 0.010932096545,
  "exp_mdot_kg_s": 0.0158,
  "sim_total_wall_q_net_w": -9.48782502563005,
  "sim_ambient_noncooling_proxy_w": 87.78273961262998,
  "sim_ambient_proxy_w": 167.80591747262997,
  "sim_cooling_branch_total_removal_w": 135.60317786,
  "sim_cooling_branch_excess_over_operating_cooling_w": 80.02317785999999,
  "exp_qhx_reference_w": 55.58,
  "exp_q_external_loss_reference_w": 230.96692873748583,
  "exp_q_external_loss_reference_status": "ethan_prescribed_segment_loss_proxy_from_validation_imposed_ethan_v2_qambient_total_W",
  "exp_q_external_loss_abs_error_pct": 27.346344175812238,
  "tp_max_abs_error_label": "TP3",
  "tp_max_abs_error_k": 19.337495999999987,
  "tw_max_abs_error_label": "TW5",
  "tw_max_abs_error_k": 27.13952574999996,
  "tw_top3_abs_error_summary": "TW5:27.140; TW9:24.427; TW6:19.214",
  "sim_section_downcomer_net_q_w": -19.821262675,
  "sim_section_heater_net_q_w": 213.09187967,
  "sim_section_upcomer_net_q_w": -17.181574135730003,
  "sim_section_test_section_net_q_w": 0.806212777,
  "sim_section_cooling_branch_net_q_w": -135.60317786,
  "sim_section_upper_transport_net_q_w": -10.6454664296,
  "sim_section_lower_transport_net_q_w": -5.740452810600001,
  "sim_section_junctions_net_q_w": -34.393983561700004,
  "sim_section_other_net_q_w": 0.0,
  "exp_minus_sim_TP1_K": 17.104268999999988,
  "exp_minus_sim_TP2_K": 18.358386999999993,
  "exp_minus_sim_TP3_K": 19.337495999999987,
  "exp_minus_sim_TP4_K": 15.294483999999954,
  "exp_minus_sim_TP5_K": 15.21695299999999,
  "exp_minus_sim_TP6_K": 18.245705999999984,
  "exp_minus_sim_TW1_K": 14.193758000000003,
  "exp_minus_sim_TW2_K": 16.651719499999956,
  "exp_minus_sim_TW3_K": 15.997469999999964,
  "exp_minus_sim_TW4_K": 7.802852250000001,
  "exp_minus_sim_TW5_K": 27.13952574999996,
  "exp_minus_sim_TW6_K": 19.21447349999994,
  "exp_minus_sim_TW7_K": 15.925894249999942,
  "exp_minus_sim_TW8_K": 14.015821749999986,
  "exp_minus_sim_TW9_K": 24.426672499999995,
  "exp_minus_sim_TW10_K": -32.94679725000003,
  "exp_minus_sim_TW11_K": 13.475333500000033,
  "exp_minus_sim_mdot_kg_s": 0.004867903455000001
}
