admission_allowed,delta_vs_nominal_W,diagnostic_q_conv_total_W,diagnostic_q_rad_total_W,diagnostic_q_total_W,numeric_q_loss_release,scenario_id
False,0.0,216.7791447688486,656.4927338489465,873.2718786177952,False,nominal
False,-108.38957238442435,108.3895723844243,656.4927338489465,764.8823062333709,False,hA_0p5
False,216.7791447688487,433.5582895376972,656.4927338489465,1090.051023386644,False,hA_2p0
False,4.419606183183305,218.8413219295153,658.8501628714632,877.6914848009785,False,ambient_minus_2K
False,-4.467285413761829,214.71696760818196,654.0876255958515,868.8045932040334,False,ambient_plus_2K
False,-13.70081609746569,214.71696760818196,644.8540949121477,859.5710625203295,False,wall_state_minus_2K
False,13.838675020432788,218.8413219295153,668.2692317087126,887.110553638228,False,wall_state_plus_2K
False,-656.4927338489466,216.7791447688486,0.0,216.7791447688486,False,radiation_off
