external_bc_source_family,heat_path_role,sensor_count,mae_K,rmse_K,bias_K,max_abs_residual_K,dominant_sensor,dominant_sensor_residual_K,total_Q_ambient_W,total_Q_source_W,total_Q_hx_sink_W
lower_leg,ambient_wall,3,98.79996226425594,99.141175305862,-98.79996226425594,109.09380824932663,TW5,-109.09380824932663,125.3870318648053,797.0999999999999,0.0
downcomer,ambient_wall,3,86.82304424808227,86.87980576875252,-86.82304424808227,90.04458167578917,TW3,-90.04458167578917,382.5908244980385,0.0,0.0
cooling_branch;junction,ambient_wall;junction_other,1,87.92395687812393,87.92395687812393,-87.92395687812393,87.92395687812393,TP1,-87.92395687812393,9.005982251579724,0.0,0.0
upcomer,ambient_wall,5,79.01127767183104,79.13477997040627,-79.01127767183104,85.65660972897336,TP6,-85.65660972897336,137.37156313804917,0.0,0.0
cooling_branch,ambient_wall,2,81.93280207326185,81.93280460000575,-81.93280207326185,81.95315020396828,TW9,-81.95315020396828,18.17314018179259,0.0,0.0
none_or_internal_source,no_external_bc_role,2,50.79463600632323,57.39280725132196,-50.79463600632323,77.51240681850976,TP5,-77.51240681850976,14.299793847467026,37.0,14.312904798460508
