prediction_source_segment,sensor_count,mae_K,rmse_K,bias_K,max_abs_residual_K,dominant_sensor,dominant_sensor_residual_K,total_Q_ambient_W,total_Q_source_W,total_Q_hx_sink_W
heated_incline,3,98.79996226425594,99.141175305862,-98.79996226425594,109.09380824932663,TW5,-109.09380824932663,125.3870318648053,797.0999999999999,0.0
right_vertical,3,86.82304424808227,86.87980576875252,-86.82304424808227,90.04458167578917,TW3,-90.04458167578917,382.5908244980385,0.0,0.0
top_horizontal_exit,1,87.92395687812393,87.92395687812393,-87.92395687812393,87.92395687812393,TP1,-87.92395687812393,9.005982251579724,0.0,0.0
left_upper_vertical,2,82.04389770274784,82.1234000662624,-82.04389770274784,85.65660972897336,TP6,-85.65660972897336,54.71048816960162,0.0,0.0
cooled_incline_pre_hx,1,81.95315020396828,81.95315020396828,-81.95315020396828,81.95315020396828,TW9,-81.95315020396828,9.25923811196475,0.0,0.0
cooled_incline_post_hx,1,81.91245394255543,81.91245394255543,-81.91245394255543,81.91245394255543,TW11,-81.91245394255543,8.913902069827842,0.0,0.0
left_lower_vertical,3,76.98953098455316,77.07801530037884,-76.98953098455316,80.81461106728568,TW7,-80.81461106728568,82.66107496844754,0.0,0.0
test_section,1,77.51240681850976,77.51240681850976,-77.51240681850976,77.51240681850976,TP5,-77.51240681850976,14.299793847467026,37.0,0.0
cooled_incline_hx_active,1,24.0768651941367,24.0768651941367,-24.0768651941367,24.0768651941367,TW10,-24.0768651941367,0.0,0.0,14.312904798460508
