branch,source_count,usable_fraction_min,usable_fraction_mean,thermal_warning_fraction_max,thermal_warning_fraction_mean,min_abs_bulk_minus_wall_temp_k_min,min_abs_bulk_minus_wall_temp_k_mean,effective_htc_rel_cv,effective_ua_rel_cv,thermal_resistance_rel_cv
left_lower_leg,9,0.941176470588,0.941176470588,0.058823529412,0.058823529412,2.032075983507,3.063974720554,0.342676270622,0.343243312158,0.313007511075
test_section_span,9,1.000000000000,1.000000000000,0.000000000000,0.000000000000,2.165624459549,2.748647072466,0.457366883933,0.459581825320,0.930779023607
left_upper_leg,9,0.948717948718,0.948717948718,0.051282051282,0.051282051282,2.031997891244,2.696405692491,0.210220606764,0.209251893059,0.233390382833
upcomer,9,0.960000000000,0.960000000000,0.040000000000,0.040000000000,2.031997891244,2.474929015381,0.327999780390,0.326235874739,0.475812956945
