frozen_case_label,scenario,energy_error_pct_of_heater,tw_rmse_k,tp_rmse_k,mass_flow_relative_error_pct_vs_cfd,one_d_total_loss_w,cfd_total_loss_w,one_d_mdot_kg_s,cfd_mdot_kg_s
Salt 1 Kirst,ethan_cfd_informed_salt_baseline_ins_1.0in_rad_1,16.007426508209267,65.3074027489588,65.24125294056726,25.44887341883837,269.29856929949295,303.40909533262993,0.013714192079074924,0.010932096642500016
Salt 2 Kirst,ethan_cfd_informed_salt_baseline_ins_1.0in_rad_1,8.924437683044053,64.65334472715544,64.78456017240708,34.414892069578464,302.69836080441536,324.44360202599,0.016457170247887627,0.012243561702500006
Salt 2 Val,ethan_cfd_informed_salt_baseline_ins_1.0in_rad_1,8.891095701843742,58.39876050451339,58.05176009547842,20.20910090397583,302.69836080441536,324.4487429349,0.016457170247887627,0.01369045282273076
