label,source_id,Re_upcomer,Ri_median,Ra_median,Pr_median,backflow_fraction,recirculation_intensity,Nu_upcomer,T_bulk_K
salt_2_jin,viscosity_screening_salt_test_2_jin_coarse_mesh,71.12521667906103,2.6337849550000003,213212.3495,23.03622915,0.2777777777777778,0.07093855380052545,3.1071791712665062,456.73846689979774
salt_3_jin,viscosity_screening_salt_test_3_jin_coarse_mesh,96.7702467137881,2.39573092,365131.12399999995,19.2544229,0.21875,0.05694156546814754,4.059673513497697,469.5229400055167
salt_4_jin,viscosity_screening_salt_test_4_jin_coarse_mesh,134.88326391686644,1.4979865399999999,450901.306,15.9471594,0.171875,0.047306417606096066,4.986448546117098,484.92861535005727
