source_id,base_case_id,variant_label,run_status,essential_steadiness_class,exp_tp_rmse_k,exp_tw_rmse_k_excluding_tw10,exp_mdot_abs_error_pct,exp_q_external_loss_abs_error_pct,ambient_proxy_w,cooling_branch_total_removal_w,section_heater_net_q_w,section_test_section_net_q_w,section_cooling_branch_net_q_w,section_downcomer_net_q_w,section_upcomer_net_q_w,lower_leg_abs_delta_p_rgh_pa,right_leg_abs_delta_p_rgh_pa,upper_leg_abs_delta_p_rgh_pa,left_leg_abs_delta_p_rgh_pa,test_section_branch_abs_delta_p_rgh_pa
val_salt_test_2_coarse_mesh_laminar,salt_test_2,,running,essentially_steady,2.573896609361759,6.2626823688395215,18.951017976190467,20.593912894777922,187.75655921057998,136.35074002,244.70117747999998,-7.279782471,-136.35074002,-22.125979207,-19.180579654280002,2.0012747610000003,9.621540102,36.74926249,15.473324062,1.30412733
viscosity_screening_salt_test_3_jin_coarse_mesh,salt_test_3,jin,terminated,essentially_steady,2.1338924649904922,6.904353795656094,14.711376500000014,19.009679138345895,211.76299764877,150.76963870000003,273.28549393000003,-10.24342229,-150.76963870000003,-25.193505609,-21.94500801107,2.2463435369999996,9.653894862000001,38.022483570000006,15.213591897,1.88050359
viscosity_screening_salt_test_4_jin_coarse_mesh,salt_test_4,jin,terminated,borderline_but_usable,1.687564177784045,7.555170550541495,15.496810024875622,17.40163440703854,244.24024581527993,169.22681362,310.5926558,-16.52275142,-169.22681362,-28.005468852,-24.459976878379997,2.543028036,11.055311839,38.42732622,15.272479906,2.900423739999999
