case_id,time_window_s,interface_face_count,interface_area_m2,interface_seed_T_area_avg_K,interface_core_T_area_avg_K,interface_seed_rho_area_avg_kg_m3,interface_core_rho_area_avg_kg_m3,interface_seed_U_area_avg_m_s,interface_core_U_area_avg_m_s,mdot_exchange_net_proxy_kg_s,mdot_exchange_positive_outward_proxy_kg_s,mdot_exchange_negative_inward_proxy_kg_s,wall_face_count,trusted_wall_area_m2,trusted_wall_T_area_avg_K,seeded_cv_T_volume_avg_K,delta_T_wall_minus_core_K,delta_T_core_minus_seed_K,wallHeatFlux_present,Q_wall_W_released,sampler_ready,production_harvest_allowed,same_qoi_uq_ready,admission_allowed,release_status
salt_2,7915,38880,0.0623473180949,443.188738775,443.330957335,1961.34143327,1961.23476739,-6.21190571099e-06;-0.000843797137694;-2.11612836408e-11,-1.94694411976e-05;-0.00262231508683;-1.27851749352e-10,-1.47315450054e-06,2.68592194714e-05,-2.83323739719e-05,38880,0.063435001093,443.188800694,443.184540921,-0.142156641269,0.146416414127,false,false,false,false,false,false,limited_sampled_field_nonharvest
salt_3,7618,38880,0.0623473180949,455.466915257,455.621257297,1952.13646318,1952.0207559,-1.04265441927e-05;-0.0011454126397;2.41520146535e-07,-3.26785683213e-05;-0.00354713878485;7.68302640929e-07,-3.65924508308e-06,4.23665968058e-05,-4.60258418889e-05,38880,0.063435001093,455.466977289,455.462760824,-0.154280008347,0.158496473136,false,false,false,false,false,false,limited_sampled_field_nonharvest
salt_4,10000,38880,0.0623473180949,469.906386689,470.076946819,1941.31118319,1941.18333219,-1.80493512529e-05;-0.00149341441866;-1.39617901727e-06,-5.67644964236e-05;-0.00460626340331;-4.40599625562e-06,2.79583272034e-06,7.65896288069e-05,-7.37937960865e-05,38880,0.063435001093,469.906413889,469.904568133,-0.17053292931,0.172378686086,false,false,false,false,false,false,limited_sampled_field_nonharvest
