model_form_id,groups,mean_group_rmse_K,mean_group_signed_bias_K,mean_abs_group_signed_bias_K,mean_local_shape_rmse_after_bias_K,dominant_status
M1,6,158.48476999311254,-158.07259731733834,158.07259731733834,10.317419225205581,legacy_numeric_context
M1b,6,152.10477089894718,-105.91169994201665,151.71799794801663,8.859044834160624,legacy_numeric_context
M2,6,26.181478391088774,-24.665136143326336,24.665136143326336,8.076370254790348,legacy_numeric_context
M3,6,16.94570103203358,-14.656241771806632,14.656241771806632,7.885223080969407,best_current_legacy_numeric_comparator
