source_id,case_label,sample_count,mean_bulk_minus_centerline_temp_k,max_abs_bulk_minus_centerline_temp_k,mean_centerline_temp_k,mean_bulk_temp_k
val_salt_test_2_coarse_mesh_laminar,Salt 2 val,145,1.3854331372933202,9.967775573437507,455.5106259315651,456.98418792129365
viscosity_screening_salt_test_1_jin_coarse_mesh,Salt 1 Jin,116,2.6754561269445274,11.45676244425124,430.8299697475134,433.5224600325215
viscosity_screening_salt_test_1_kirst_coarse_mesh,Salt 1 Kirst,116,2.664546143886314,11.767460044010306,431.0443731039787,433.72656051065593
viscosity_screening_salt_test_2_jin_coarse_mesh,Salt 2 Jin,116,1.7368476171815537,10.921463797720946,449.801314701774,451.60168900662416
viscosity_screening_salt_test_2_kirst_coarse_mesh,Salt 2 Kirst,116,2.3279816849328525,11.766803579740838,448.57686296704253,450.9455913297791
viscosity_screening_salt_test_3_jin_coarse_mesh,Salt 3 Jin,116,0.9880712828631915,9.973683382647835,463.0442917574934,464.13037580463225
viscosity_screening_salt_test_3_kirst_coarse_mesh,Salt 3 Kirst,116,1.5208945345836293,10.975825877371278,463.01794309146214,464.626793348372
viscosity_screening_salt_test_4_jin_coarse_mesh,Salt 4 Jin,116,0.760398533041959,9.981931561230226,478.8281060862233,479.67392291844567
viscosity_screening_salt_test_4_kirst_coarse_mesh,Salt 4 Kirst,116,0.8891702878253619,10.666666170349686,479.0785695031168,480.08793353067153
