case,correction_form,predicted_kg_s,measured_kg_s,raw_abs_err_kg_s,raw_rel_err_pct,corrected_abs_err_kg_s,corrected_rel_err_pct
Salt1,multiplicative_1dof_recommended,0.019690419543584803,0.0158,0.0038904195435848013,24.62290850370127,0.0010238012252484791,6.479754590180247
Salt1,affine_2dof_rejected_for_transparency,0.019690419543584803,0.0158,0.0038904195435848013,24.62290850370127,0.0003098098789038016,1.960822018378491
Salt2,multiplicative_1dof_recommended,0.0221909170412141,0.0168,0.0053909170412141,32.08879191198869,0.00014736339826591435,0.877163084916157
Salt2,affine_2dof_rejected_for_transparency,0.0221909170412141,0.0168,0.0053909170412141,32.08879191198869,0.00011248356597611323,0.6695450355721025
Salt3,multiplicative_1dof_recommended,0.02440139973612717,0.0175,0.006901399736127169,39.43656992072667,0.0008114398393129149,4.6367990817880855
Salt3,affine_2dof_rejected_for_transparency,0.02440139973612717,0.0175,0.006901399736127169,39.43656992072667,0.000669815376936167,3.8275164396352395
Salt4,multiplicative_1dof_recommended,0.026964136779488168,0.0201,0.006864136779488168,34.1499342263093,0.00013458382699186103,0.6695712785664728
Salt4,affine_2dof_rejected_for_transparency,0.026964136779488168,0.0201,0.006864136779488168,34.1499342263093,0.0004724890640084682,2.3506918607386478
