{
  "recommended_status": "provisional_defended",
  "recommended_model": "class_aware_re_power_law",
  "fit_used_row_count": 12,
  "constant_model": {
    "status": "fit",
    "model_type": "geometric_constant",
    "row_count": 12,
    "coefficient_names": [
      "group:lower_leg",
      "group:test_section_span"
    ],
    "coefficients": [
      0.7662070056166332,
      3.647404051388148
    ],
    "rmse_log": 0.20772385889675893,
    "mae_log": 0.18028756086177644,
    "r2_log": 0.9790621751538807
  },
  "power_law_model": {
    "status": "fit",
    "model_type": "class_aware_re_power_law",
    "row_count": 12,
    "coefficient_names": [
      "intercept",
      "log_re",
      "category_name:test_section_span"
    ],
    "coefficients": [
      5.231637812204384,
      -0.9477837868063631,
      2.9210668438865617
    ],
    "rmse_log": 0.035878677813696094,
    "mae_log": 0.03092013933530512,
    "r2_log": 0.9993753573141287,
    "bootstrap_ci95": {
      "intercept": [
        4.883604310183116,
        5.83910945813645
      ],
      "log_re": [
        -1.0746119964927836,
        -0.8749097056435152
      ],
      "category_name:test_section_span": [
        2.8707154928900036,
        2.9764655866238723
      ]
    }
  },
  "late_window_status": "not_run"
}
