leg_class,mean_phi_original,mean_phi_pipe_only,mean_minor_fraction_pct
heater,1.8135333333333332,1.6349666666666665,9.853333333333333
cooler,1.5351666666666668,1.3905666666666667,9.443333333333333
downcomer,1.8112333333333333,1.6514333333333333,8.87
