feature,mean_K_apparent,mean_K_local
lower left,8.268967710797169,3.452870268015643
lower right,13.679747343892183,7.095825867665248
upper left,6.38164010440698,2.236165000593147
upper right,14.61147011696392,6.972775621731878
