branch_name,case_count,mean_nu_latest_vs_mean_fraction,max_nu_latest_vs_mean_fraction,mean_htc_latest_vs_mean_fraction,max_htc_latest_vs_mean_fraction,mean_residual_latest_vs_mean_fraction,max_residual_latest_vs_mean_fraction
left_lower_leg,9,0.00010444507613158856,0.0006797619207492906,0.00010440520559141328,0.0006790188084693745,0.0043171867863102675,0.018690728730263322
left_upper_leg,9,0.0001336932564696268,0.0008311847314159438,0.00013333467342515213,0.0008286717392341971,0.003292830451721474,0.020703560822102916
lower_leg,9,0.0001201242841082093,0.0007231820361797779,0.00012029485643362893,0.000725204223835227,0.00041524715357214143,0.0035494507095274255
right_leg,9,0.00028815581007584105,0.002009360941799528,0.000288131144838424,0.002008294636886709,0.0008529692775486219,0.0035154718068782865
test_section_span,9,0.00011930370221126127,0.0006170739597299809,0.00011923749837581865,0.0006173028939000437,0.0005685955617837127,0.0034106815878171045
upcomer,9,2.751394086670825e-05,0.00011197817287999425,2.7532581713126365e-05,0.00011265090087288661,0.00029756131860937993,0.001355352226467926
upper_leg,9,7.635321358894981e-05,0.0005272199169320225,7.630493796055565e-05,0.0005271043913971728,0.0004840010080351638,0.004150169787944134
