{
  "generated_at": "2026-06-05T10:28:39-05:00",
  "source_id": "viscosity_screening_salt_test_4_jin_coarse_mesh",
  "case_id": "salt_test_4_jin",
  "base_case_id": "salt_test_4",
  "variant_label": "jin",
  "fluid": "hitec_salt_jin",
  "run_status": "terminated",
  "convergence_reached": false,
  "final_time": "2083.0",
  "exp_case_name": "Salt 4",
  "exp_reference_status": "available",
  "exp_tp_rmse_k": 1.687564177784045,
  "exp_tw_rmse_k": 7.555170550541495,
  "exp_all_temp_rmse_k": 6.061627553731621,
  "tw10_excluded_from_rmse": true,
  "tw10_raw_error_k": -58.450428000000045,
  "exp_mdot_abs_error_pct": 15.496810024875622,
  "sim_mdot_kg_s": 0.016985141185,
  "exp_mdot_kg_s": 0.0201,
  "sim_total_wall_q_net_w": 0.37240998471996534,
  "sim_ambient_noncooling_proxy_w": 140.99343219527995,
  "sim_ambient_proxy_w": 244.24024581527993,
  "sim_cooling_branch_total_removal_w": 169.22681362,
  "sim_cooling_branch_excess_over_operating_cooling_w": 103.24681362,
  "exp_qhx_reference_w": 65.98,
  "exp_q_external_loss_reference_w": 295.69622118054673,
  "exp_q_external_loss_reference_status": "ethan_prescribed_segment_loss_proxy_from_validation_imposed_ethan_v2_qambient_total_W",
  "exp_q_external_loss_abs_error_pct": 17.40163440703854,
  "tp_max_abs_error_label": "TP1",
  "tp_max_abs_error_k": 3.026867999999979,
  "tw_max_abs_error_label": "TW5",
  "tw_max_abs_error_k": 18.717683499999964,
  "tw_top3_abs_error_summary": "TW5:18.718; TW9:9.674; TW6:8.378",
  "sim_section_downcomer_net_q_w": -28.005468852,
  "sim_section_heater_net_q_w": 310.5926558,
  "sim_section_upcomer_net_q_w": -24.459976878379997,
  "sim_section_test_section_net_q_w": -16.52275142,
  "sim_section_cooling_branch_net_q_w": -169.22681362,
  "sim_section_upper_transport_net_q_w": -15.0272776934,
  "sim_section_lower_transport_net_q_w": -8.123735682700001,
  "sim_section_junctions_net_q_w": -48.854221668799994,
  "sim_section_other_net_q_w": 0.0,
  "exp_minus_sim_TP1_K": 3.026867999999979,
  "exp_minus_sim_TP2_K": 1.028616999999997,
  "exp_minus_sim_TP3_K": 2.303684999999973,
  "exp_minus_sim_TP4_K": 0.38187499999997954,
  "exp_minus_sim_TP5_K": 0.503840999999909,
  "exp_minus_sim_TP6_K": 1.0773140000000012,
  "exp_minus_sim_TW1_K": -0.05506150000002208,
  "exp_minus_sim_TW2_K": 1.9047620000000052,
  "exp_minus_sim_TW3_K": -2.202000000000055,
  "exp_minus_sim_TW4_K": -6.618683750000002,
  "exp_minus_sim_TW5_K": 18.717683499999964,
  "exp_minus_sim_TW6_K": 8.377568999999994,
  "exp_minus_sim_TW7_K": 0.10653624999997646,
  "exp_minus_sim_TW8_K": -2.071879249999995,
  "exp_minus_sim_TW9_K": 9.6744645,
  "exp_minus_sim_TW10_K": -58.450428000000045,
  "exp_minus_sim_TW11_K": -0.29061475000003156,
  "exp_minus_sim_mdot_kg_s": 0.0031148588149999996
}
