physical_case,segment,value_key,re_jin,re_kirst,re_property_spread_pct,value_jin,value_kirst,value_property_spread_pct
Salt 2,test_section_span,apparent_darcy_f,97.54143211575995,80.34651277493121,19.332304222632615,46.163210316366786,53.573765793842185,14.86019682266437
Salt 3,lower_leg,apparent_darcy_f,110.26437941689072,91.26909353295369,18.850750305547887,2.182920658319686,2.5230015434682858,14.453315229877326
Salt 3,test_section_span,apparent_darcy_f,128.73775331586128,105.91769377715526,19.449844289922005,35.23147986216345,40.522781179988066,13.969646710382165
Salt 4,lower_leg,apparent_darcy_f,150.19205488780372,121.56502531923894,21.06810210556781,1.6636004069258814,1.846950237665355,10.445645102540466
Salt 4,test_section_span,apparent_darcy_f,173.73605749616746,140.40213430161438,21.222458182360022,26.714861457611974,30.66803329834763,13.778223833244635
