K_minor_loss,abs_loss_pa,adjacent_major_spans,buoyancy_term_pa,delta_p_rgh_pa,delta_q_dyn_pa,dz_across_feature_m,end_patch,feature,kind,n_faces_end,n_faces_start,p_rgh_end_pa,p_rgh_start_pa,q_ref_basis,q_ref_pa,rho_ref_kg_m3,signed_loss_pa,start_patch,status,u_end_m_s,u_start_m_s
8.211480628569191,0.49951598888872795,left_lower_leg+lower_leg,0.07055961640435471,0.4335881985069445,-0.004631826022571284,-0.01755775,ncc_pipeleg_lower_01_fitting_start,corner_lower_left,corner,576,576,-6.095410292170139,-6.5289984906770835,mean,0.06083141536628894,1955.9355303385416,-0.49951598888872795,ncc_pipeleg_left_07_lower_end,computed,0.0077360395842172415,0.008034701476776646
16.503825877025502,0.764693936138507,lower_leg+right_leg,-2.639578773572803,3.4748058650243063,-0.07053315531299637,0.017557749985416676,ncc_pipeleg_right_01_lower_start,corner_lower_right,corner,576,576,-5.325310198532986,-8.800116063557292,mean,0.04633434343263493,1961.725303654514,-0.764693936138507,ncc_pipeleg_lower_09_fitting_end,computed,0.003359609641210564,0.009119699145684392
15.923062359144723,0.5996790416038161,right_leg+upper_leg,-3.835073573174513,4.439770264134722,-0.005017649356393067,0.017557750014583262,ncc_pipeleg_upper_01_straight_start,corner_upper_right,corner,576,576,9.513683466361112,5.0739132022263895,mean,0.03766103705920717,1959.2833101215278,-0.5996790416038161,ncc_pipeleg_right_03_upper_end,computed,0.005989789435543623,0.006403946658250736
6.245177796682506,0.397984716988182,upper_leg+left_upper_leg,-6.538039041688244,6.8118943831942715,0.1241293754821548,-0.017557749999999706,ncc_pipeleg_left_01_upper_start,corner_upper_left,corner,576,576,-22.30035623897587,-29.11225062217014,mean,0.06372672323269885,1953.6142001822916,-0.397984716988182,ncc_pipeleg_upper_09_straight_end,computed,0.011347017410209706,0.0013045331490797456
