K_minor_loss,abs_loss_pa,adjacent_major_spans,buoyancy_term_pa,delta_p_rgh_pa,delta_q_dyn_pa,dz_across_feature_m,end_patch,feature,kind,n_faces_end,n_faces_start,p_rgh_end_pa,p_rgh_start_pa,q_ref_basis,q_ref_pa,rho_ref_kg_m3,signed_loss_pa,start_patch,status,u_end_m_s,u_start_m_s
8.291311570464572,0.8638360651323387,left_lower_leg+lower_leg,0.0567754095423091,0.8173796603993067,-0.01031900480927711,-0.01755775,ncc_pipeleg_lower_01_fitting_start,corner_lower_left,corner,576,576,-4.132044911336805,-4.949424571736111,mean,0.10418569580830948,1934.2708070486112,-0.8638360651323387,ncc_pipeleg_left_07_lower_end,computed,0.010119717983449152,0.010632103985852941
10.7252053702797,0.8743618005933114,lower_leg+right_leg,-2.3371563219803546,3.3332081425938034,-0.12169002002013735,0.017557749985416676,ncc_pipeleg_right_01_lower_start,corner_lower_right,corner,576,576,-4.199521961861753,-7.532730104455556,mean,0.08152401473040596,1940.769110373264,-0.8743618005933114,ncc_pipeleg_lower_09_fitting_end,computed,0.004616886588573948,0.012110986045569596
13.577588617003988,0.9034003411668073,right_leg+upper_leg,-7.396512855034072,8.313994188476912,-0.014080992276031795,0.017557750014583262,ncc_pipeleg_upper_01_straight_start,corner_upper_right,corner,576,576,14.518946370193751,6.20495218171684,mean,0.06653614030074734,1937.9020904079864,-0.9034003411668073,ncc_pipeleg_right_03_upper_end,computed,0.007834854266805845,0.00871524919339278
6.6750308324628325,0.7016926242834748,upper_leg+left_upper_leg,-3.42543328080847,3.9209182767268054,0.2062076283651396,-0.017557749999999706,ncc_pipeleg_left_01_upper_start,corner_upper_left,corner,576,576,-20.288387836523196,-24.20930611325,mean,0.10512200496077363,1932.341250078125,-0.7016926242834748,ncc_pipeleg_upper_09_straight_end,computed,0.014679779105228337,0.0014453567349482625
