K_minor_loss,abs_loss_pa,adjacent_major_spans,buoyancy_term_pa,delta_p_rgh_pa,delta_q_dyn_pa,dz_across_feature_m,end_patch,feature,kind,n_faces_end,n_faces_start,p_rgh_end_pa,p_rgh_start_pa,q_ref_basis,q_ref_pa,rho_ref_kg_m3,signed_loss_pa,start_patch,status,u_end_m_s,u_start_m_s
8.304110933357741,0.656791856335483,left_lower_leg+lower_leg,0.06781066255760049,0.5954714883680561,-0.006490294590173543,-0.01755775,ncc_pipeleg_lower_01_fitting_start,corner_lower_left,corner,576,576,-4.9533009669791666,-5.548772455347223,mean,0.07909237504247926,1946.086183654514,-0.656791856335483,ncc_pipeleg_left_07_lower_end,computed,0.008829736686306853,0.009197905337702443
13.810210784371353,0.8372878613242898,lower_leg+right_leg,-2.6556209731551066,3.5837661939206606,-0.09085735944126429,0.017557749985416676,ncc_pipeleg_right_01_lower_start,corner_lower_right,corner,576,576,-4.352372410832812,-7.936138604753473,mean,0.060628173921271795,1952.096592690972,-0.8372878613242898,ncc_pipeleg_lower_09_fitting_end,computed,0.003946776623599405,0.01042245673739898
14.333759374743044,0.7097390466380116,right_leg+upper_leg,-6.886860791293052,7.604486162099479,-0.007886324168415733,0.017557750014583262,ncc_pipeleg_upper_01_straight_start,corner_upper_right,corner,576,576,13.266454291205555,5.661968129106076,mean,0.049515205891387776,1949.4033408854166,-0.7097390466380116,ncc_pipeleg_right_03_upper_end,computed,0.006836867631382966,0.0074067593388019905
6.224711684075602,0.5025792250818311,upper_leg+left_upper_leg,-3.6707133446135156,4.015382471021354,0.15791009867399255,-0.017557749999999706,ncc_pipeleg_left_01_upper_start,corner_upper_left,corner,576,576,-20.63373572840972,-24.649118199431076,mean,0.0807393579958983,1943.9080677951392,-0.5025792250818311,ncc_pipeleg_upper_09_straight_end,computed,0.012817395210794067,0.0013549845559763492
