{
  "generated_at": "2026-06-05T10:28:39-05:00",
  "source_id": "viscosity_screening_salt_test_4_kirst_coarse_mesh",
  "case_id": "salt_test_4_kirst",
  "base_case_id": "salt_test_4",
  "variant_label": "kirst",
  "fluid": "hitec_salt_kirst",
  "run_status": "terminated",
  "convergence_reached": false,
  "final_time": "2984.0",
  "exp_case_name": "Salt 4",
  "exp_reference_status": "available",
  "exp_tp_rmse_k": 2.2215873830715664,
  "exp_tw_rmse_k": 7.272489858169521,
  "exp_all_temp_rmse_k": 5.908171197457817,
  "tw10_excluded_from_rmse": true,
  "tw10_raw_error_k": -58.595417250000025,
  "exp_mdot_abs_error_pct": 20.999207201492545,
  "sim_mdot_kg_s": 0.0158791593525,
  "exp_mdot_kg_s": 0.0201,
  "sim_total_wall_q_net_w": 0.41683114937993615,
  "sim_ambient_noncooling_proxy_w": 140.84369180061998,
  "sim_ambient_proxy_w": 244.09050705061998,
  "sim_cooling_branch_total_removal_w": 169.22681525,
  "sim_cooling_branch_excess_over_operating_cooling_w": 103.24681524999998,
  "exp_qhx_reference_w": 65.98,
  "exp_q_external_loss_reference_w": 295.69622118054673,
  "exp_q_external_loss_reference_status": "ethan_prescribed_segment_loss_proxy_from_validation_imposed_ethan_v2_qambient_total_W",
  "exp_q_external_loss_abs_error_pct": 17.45227379771527,
  "tp_max_abs_error_label": "TP3",
  "tp_max_abs_error_k": 4.690971999999988,
  "tw_max_abs_error_label": "TW5",
  "tw_max_abs_error_k": 18.064153249999947,
  "tw_top3_abs_error_summary": "TW5:18.064; TW9:9.711; TW6:7.478",
  "sim_section_downcomer_net_q_w": -28.087377630000002,
  "sim_section_heater_net_q_w": 310.48733819999995,
  "sim_section_upcomer_net_q_w": -24.46965738422,
  "sim_section_test_section_net_q_w": -16.54605165,
  "sim_section_cooling_branch_net_q_w": -169.22681525,
  "sim_section_upper_transport_net_q_w": -15.056133675100002,
  "sim_section_lower_transport_net_q_w": -8.1430515508,
  "sim_section_junctions_net_q_w": -48.5414199105,
  "sim_section_other_net_q_w": 0.0,
  "exp_minus_sim_TP1_K": 2.4411219999999503,
  "exp_minus_sim_TP2_K": 1.0232760000000098,
  "exp_minus_sim_TP3_K": 4.690971999999988,
  "exp_minus_sim_TP4_K": 0.26714199999997845,
  "exp_minus_sim_TP5_K": 0.239947999999913,
  "exp_minus_sim_TP6_K": 0.687295000000006,
  "exp_minus_sim_TW1_K": -0.7467209999999795,
  "exp_minus_sim_TW2_K": 1.619850499999984,
  "exp_minus_sim_TW3_K": -2.503131250000024,
  "exp_minus_sim_TW4_K": -6.135573499999964,
  "exp_minus_sim_TW5_K": 18.064153249999947,
  "exp_minus_sim_TW6_K": 7.478341499999999,
  "exp_minus_sim_TW7_K": 0.23649775000001227,
  "exp_minus_sim_TW8_K": -2.263618500000007,
  "exp_minus_sim_TW9_K": 9.710545249999996,
  "exp_minus_sim_TW10_K": -58.595417250000025,
  "exp_minus_sim_TW11_K": -0.2912697500000263,
  "exp_minus_sim_mdot_kg_s": 0.0042208406475000015
}
