{
  "generated_at": "2026-06-05T10:28:39-05:00",
  "source_id": "viscosity_screening_salt_test_3_jin_coarse_mesh",
  "case_id": "salt_test_3_jin",
  "base_case_id": "salt_test_3",
  "variant_label": "jin",
  "fluid": "hitec_salt_jin",
  "run_status": "terminated",
  "convergence_reached": false,
  "final_time": "2515.0",
  "exp_case_name": "Salt 3",
  "exp_reference_status": "available",
  "exp_tp_rmse_k": 2.1338924649904922,
  "exp_tw_rmse_k": 6.904353795656094,
  "exp_all_temp_rmse_k": 5.612608549444536,
  "tw10_excluded_from_rmse": true,
  "tw10_raw_error_k": -54.193607250000014,
  "exp_mdot_abs_error_pct": 14.711376500000014,
  "sim_mdot_kg_s": 0.014925509112499999,
  "exp_mdot_kg_s": 0.0175,
  "sim_total_wall_q_net_w": 0.9724962812299758,
  "sim_ambient_noncooling_proxy_w": 121.54335894876999,
  "sim_ambient_proxy_w": 211.76299764877,
  "sim_cooling_branch_total_removal_w": 150.76963870000003,
  "sim_cooling_branch_excess_over_operating_cooling_w": 90.21963870000003,
  "exp_qhx_reference_w": 60.55,
  "exp_q_external_loss_reference_w": 261.467043710691,
  "exp_q_external_loss_reference_status": "ethan_prescribed_segment_loss_proxy_from_validation_imposed_ethan_v2_qambient_total_W",
  "exp_q_external_loss_abs_error_pct": 19.009679138345895,
  "tp_max_abs_error_label": "TP3",
  "tp_max_abs_error_k": 3.9646909999999593,
  "tw_max_abs_error_label": "TW5",
  "tw_max_abs_error_k": 16.385128500000008,
  "tw_top3_abs_error_summary": "TW5:16.385; TW9:9.537; TW6:7.578",
  "sim_section_downcomer_net_q_w": -25.193505609,
  "sim_section_heater_net_q_w": 273.28549393000003,
  "sim_section_upcomer_net_q_w": -21.94500801107,
  "sim_section_test_section_net_q_w": -10.24342229,
  "sim_section_cooling_branch_net_q_w": -150.76963870000003,
  "sim_section_upper_transport_net_q_w": -13.4887361561,
  "sim_section_lower_transport_net_q_w": -7.2843608153999995,
  "sim_section_junctions_net_q_w": -43.3883260672,
  "sim_section_other_net_q_w": 0.0,
  "exp_minus_sim_TP1_K": 2.837994999999921,
  "exp_minus_sim_TP2_K": -0.3168150000000196,
  "exp_minus_sim_TP3_K": 3.9646909999999593,
  "exp_minus_sim_TP4_K": -0.042873000000042794,
  "exp_minus_sim_TP5_K": 0.5145899999999983,
  "exp_minus_sim_TP6_K": 1.7835299999999847,
  "exp_minus_sim_TW1_K": -0.5725879999999961,
  "exp_minus_sim_TW2_K": 1.6665909999999826,
  "exp_minus_sim_TW3_K": -2.501149250000026,
  "exp_minus_sim_TW4_K": -6.745344499999987,
  "exp_minus_sim_TW5_K": 16.385128500000008,
  "exp_minus_sim_TW6_K": 7.57833875,
  "exp_minus_sim_TW7_K": -0.16168025000001762,
  "exp_minus_sim_TW8_K": -2.199292000000014,
  "exp_minus_sim_TW9_K": 9.53706625000001,
  "exp_minus_sim_TW10_K": -54.193607250000014,
  "exp_minus_sim_TW11_K": -0.3433630000000676,
  "exp_minus_sim_mdot_kg_s": 0.0025744908875000028
}
