{
  "generated_at": "2026-06-05T10:28:39-05:00",
  "source_id": "viscosity_screening_salt_test_3_kirst_coarse_mesh",
  "case_id": "salt_test_3_kirst",
  "base_case_id": "salt_test_3",
  "variant_label": "kirst",
  "fluid": "hitec_salt_kirst",
  "run_status": "terminated",
  "convergence_reached": false,
  "final_time": "3298.0",
  "exp_case_name": "Salt 3",
  "exp_reference_status": "available",
  "exp_tp_rmse_k": 2.4365395679251685,
  "exp_tw_rmse_k": 6.6414913375364,
  "exp_all_temp_rmse_k": 5.458447708953641,
  "tw10_excluded_from_rmse": true,
  "tw10_raw_error_k": -54.540183249999984,
  "exp_mdot_abs_error_pct": 20.17977992857144,
  "sim_mdot_kg_s": 0.0139685385125,
  "exp_mdot_kg_s": 0.0175,
  "sim_total_wall_q_net_w": 0.868638036540025,
  "sim_ambient_noncooling_proxy_w": 121.51765852346001,
  "sim_ambient_proxy_w": 211.73729728346,
  "sim_cooling_branch_total_removal_w": 150.76963876,
  "sim_cooling_branch_excess_over_operating_cooling_w": 90.21963876,
  "exp_qhx_reference_w": 60.55,
  "exp_q_external_loss_reference_w": 261.467043710691,
  "exp_q_external_loss_reference_status": "ethan_prescribed_segment_loss_proxy_from_validation_imposed_ethan_v2_qambient_total_W",
  "exp_q_external_loss_abs_error_pct": 19.01950843267885,
  "tp_max_abs_error_label": "TP3",
  "tp_max_abs_error_k": 5.19169299999993,
  "tw_max_abs_error_label": "TW5",
  "tw_max_abs_error_k": 15.524739499999953,
  "tw_top3_abs_error_summary": "TW5:15.525; TW9:9.339; TW4:-7.223",
  "sim_section_downcomer_net_q_w": -25.267407880999997,
  "sim_section_heater_net_q_w": 273.15593531999997,
  "sim_section_upcomer_net_q_w": -21.957635345760004,
  "sim_section_test_section_net_q_w": -10.2680828,
  "sim_section_cooling_branch_net_q_w": -150.76963876,
  "sim_section_upper_transport_net_q_w": -13.5273113223,
  "sim_section_lower_transport_net_q_w": -7.3023636868,
  "sim_section_junctions_net_q_w": -43.194857487600004,
  "sim_section_other_net_q_w": 0.0,
  "exp_minus_sim_TP1_K": 2.3914159999999356,
  "exp_minus_sim_TP2_K": 0.2620409999999538,
  "exp_minus_sim_TP3_K": 5.19169299999993,
  "exp_minus_sim_TP4_K": 0.33600999999993064,
  "exp_minus_sim_TP5_K": 0.6491570000000024,
  "exp_minus_sim_TP6_K": 1.531283999999971,
  "exp_minus_sim_TW1_K": -1.1994919999999638,
  "exp_minus_sim_TW2_K": 1.2354494999999588,
  "exp_minus_sim_TW3_K": -2.4768700000000194,
  "exp_minus_sim_TW4_K": -7.223014750000004,
  "exp_minus_sim_TW5_K": 15.524739499999953,
  "exp_minus_sim_TW6_K": 6.704966749999983,
  "exp_minus_sim_TW7_K": -0.0034229999999979555,
  "exp_minus_sim_TW8_K": -2.3429420000000505,
  "exp_minus_sim_TW9_K": 9.33902850000004,
  "exp_minus_sim_TW10_K": -54.540183249999984,
  "exp_minus_sim_TW11_K": -1.0682557500000485,
  "exp_minus_sim_mdot_kg_s": 0.003531461487500002
}
