case,mdot_delta_kg_s,delta_mass_flow_abs_error_kg_s,delta_area_weighted_velocity_abs_error_m_s,delta_all_rmse_K,delta_tp_rmse_K,delta_tw_rmse_K,delta_tw_no_tw10_rmse_K,delta_qhx_total_W,delta_qambient_total_W,delta_air_outlet_temperature_error_K
Salt 1,-0.0000170153776347,-0.0000170153776347,-0.0000230700689721,0.00273391841237,0.00117938966888,0.00339503233872,0.0033961970396,0.00100146090025,-0.0010013812736,0.00153035327287
Salt 2,-0.0000206908069433,-0.0000206908069433,-0.0000282284253214,0.00336128204678,0.00133299204681,0.00423171245482,0.00425830654184,0.00117634440031,-0.00117615230812,0.00181375927611
Salt 3,-0.0000240407361007,-0.0000240407361007,-0.0000329867483712,0.00387308911853,0.00156398737093,0.0048630032377,0.00491870537567,0.00132576678917,-0.00132587212664,0.00206325756972
Salt 4,-0.0000279821840401,-0.0000279821840401,-0.0000386594759135,0.00442021085908,0.00178241890681,0.00554564828656,0.00564771711116,0.00149744058619,-0.00149764582312,0.0023527758309
