source_id,case_label,branch_name,branch_type,domain_note,re_effective,pr_effective,pe_effective,nu_effective,htc_effective_w_m2_k,support_fraction,residual_fraction_of_wall_heat,bulk_minus_centerline_temp_k,fit_use_status
val_salt_test_2_coarse_mesh_laminar,Salt 2 Val,left_lower_leg,span_section,direct_left_lower_leg_or_equivalent_only,102.75164352549643,20.60722428812114,2117.426164094553,4.230616665159522,104.4579128869769,0.9411764705882353,0.43860221336602845,5.208731583047229,fit_used
viscosity_screening_salt_test_2_jin_coarse_mesh,Salt 2 Jin,left_lower_leg,span_section,direct_left_lower_leg_or_equivalent_only,92.46458400423055,22.060551020049957,2039.8196732592833,3.9243500348142626,96.69312883691161,0.9411764705882353,0.3765956073903398,5.7070920506717,fit_used
viscosity_screening_salt_test_2_kirst_coarse_mesh,Salt 2 Kirst,left_lower_leg,span_section,direct_left_lower_leg_or_equivalent_only,76.09578330560107,24.93228517155973,1897.2417697284602,3.1465036613965633,77.51253363455604,0.9411764705882353,0.08269527727037376,6.708769828874334,fit_used
viscosity_screening_salt_test_3_jin_coarse_mesh,Salt 3 Jin,left_lower_leg,span_section,direct_left_lower_leg_or_equivalent_only,122.20861112776016,18.837256419710666,2302.074945027388,5.090273089410228,126.07875770540457,0.9411764705882353,0.4244389053438508,4.800075497962529,fit_used
viscosity_screening_salt_test_3_kirst_coarse_mesh,Salt 3 Kirst,left_lower_leg,span_section,direct_left_lower_leg_or_equivalent_only,100.41970549495453,21.43822530740568,2152.820271879876,4.1526168448897165,102.88348887215926,0.9411764705882353,0.2531083019533079,5.812860374703688,fit_used
viscosity_screening_salt_test_4_jin_coarse_mesh,Salt 4 Jin,left_lower_leg,span_section,direct_left_lower_leg_or_equivalent_only,165.23372157328848,15.742972844558459,2601.2699845150037,6.761028035533995,168.76486418265512,0.9411764705882353,0.3741715403737007,4.666177979979939,fit_used
viscosity_screening_salt_test_4_kirst_coarse_mesh,Salt 4 Kirst,left_lower_leg,span_section,direct_left_lower_leg_or_equivalent_only,133.32263038511107,18.221026163745595,2429.275136491335,5.297303743555994,132.26796490726883,0.9411764705882353,0.301626742274807,5.0200137909455975,fit_used
