form_label,mdot_delta_kg_s,delta_mass_flow_abs_error_kg_s,delta_area_weighted_velocity_abs_error_m_s,delta_all_rmse_K,delta_tp_rmse_K,delta_tw_rmse_K,delta_tw_no_tw10_rmse_K,ready_for_separate_salt1_4_bounded_comparison
broad_control,-0.0000206907907053,-0.0000206907907053,-0.0000282284046439,0.00336115454174,0.00133285614072,0.0042315884799,0.00425817840271,false
lower_vertical_only,-0.0000042692702476,-0.0000042692702476,-0.0000058741312798,0.000110605596177,0.00100649505138,-0.000273024432119,-0.000381799851247,false
test_section_only,-0.0000043568589139,-0.0000043568589139,-0.0000059183198524,0.00271190431793,0.00323678860492,0.00248855022652,0.00260098790526,false
upper_vertical_only,-0.0000042566285845,-0.0000042566285846,-0.0000058052520374,0.000101927936129,0.000993433230171,-0.000279829047344,-0.000390557916774,false
