feature,case_count,mean_K_apparent,min_K_apparent,max_K_apparent,mean_K_local_upper_bound,min_K_local_upper_bound,max_K_local_upper_bound,fit_admitted_count,scientific_status
corner_lower_left,3,8.268967710797169,8.211480628569191,8.304110933357741,3.4528702680156433,2.068513235146338,4.6563486384138955,0,diagnostic_upper_bound_not_fit_admitted
corner_lower_right,3,13.679747343892185,10.7252053702797,16.503825877025502,7.095825867665248,5.307153885802752,8.747643945836534,0,diagnostic_upper_bound_not_fit_admitted
corner_upper_right,3,14.611470116963918,13.577588617003988,15.923062359144723,6.972775621731878,6.6732125324752225,7.285125042276657,0,diagnostic_upper_bound_not_fit_admitted
corner_upper_left,3,6.38164010440698,6.224711684075602,6.6750308324628325,2.2361650005931475,1.0660717239286341,3.5105078437926305,0,diagnostic_upper_bound_not_fit_admitted
