{
  "generated_at": "2026-06-05T10:28:39-05:00",
  "source_id": "viscosity_screening_salt_test_1_jin_coarse_mesh",
  "case_id": "salt_test_1_jin",
  "base_case_id": "salt_test_1",
  "variant_label": "jin",
  "fluid": "hitec_salt_jin",
  "run_status": "terminated",
  "convergence_reached": false,
  "final_time": "3230.0",
  "exp_case_name": "Salt 1",
  "exp_reference_status": "available",
  "exp_tp_rmse_k": 17.64520698000888,
  "exp_tw_rmse_k": 17.804909804082378,
  "exp_all_temp_rmse_k": 17.745189678331162,
  "tw10_excluded_from_rmse": true,
  "tw10_raw_error_k": -32.79323825,
  "exp_mdot_abs_error_pct": 28.70387302215191,
  "sim_mdot_kg_s": 0.0112647880625,
  "exp_mdot_kg_s": 0.0158,
  "sim_total_wall_q_net_w": -9.456096029600017,
  "sim_ambient_noncooling_proxy_w": 87.750948914,
  "sim_ambient_proxy_w": 167.774126774,
  "sim_cooling_branch_total_removal_w": 135.60317786,
  "sim_cooling_branch_excess_over_operating_cooling_w": 80.02317785999999,
  "exp_qhx_reference_w": 55.58,
  "exp_q_external_loss_reference_w": 230.96692873748583,
  "exp_q_external_loss_reference_status": "ethan_prescribed_segment_loss_proxy_from_validation_imposed_ethan_v2_qambient_total_W",
  "exp_q_external_loss_abs_error_pct": 27.360108353568656,
  "tp_max_abs_error_label": "TP3",
  "tp_max_abs_error_k": 19.29027100000002,
  "tw_max_abs_error_label": "TW5",
  "tw_max_abs_error_k": 27.462998500000026,
  "tw_top3_abs_error_summary": "TW5:27.463; TW9:24.498; TW6:19.701",
  "sim_section_downcomer_net_q_w": -19.814175403,
  "sim_section_heater_net_q_w": 213.15045680999998,
  "sim_section_upcomer_net_q_w": -17.2064186887,
  "sim_section_test_section_net_q_w": 0.7475739344,
  "sim_section_cooling_branch_net_q_w": -135.60317786,
  "sim_section_upper_transport_net_q_w": -10.628555641,
  "sim_section_lower_transport_net_q_w": -5.7288339956000005,
  "sim_section_junctions_net_q_w": -34.372965185700004,
  "sim_section_other_net_q_w": 0.0,
  "exp_minus_sim_TP1_K": 17.21561700000001,
  "exp_minus_sim_TP2_K": 18.404026999999985,
  "exp_minus_sim_TP3_K": 19.29027100000002,
  "exp_minus_sim_TP4_K": 15.857837999999958,
  "exp_minus_sim_TP5_K": 15.837726999999973,
  "exp_minus_sim_TP6_K": 18.937135999999953,
  "exp_minus_sim_TW1_K": 14.253426999999988,
  "exp_minus_sim_TW2_K": 16.701631249999934,
  "exp_minus_sim_TW3_K": 15.850804249999953,
  "exp_minus_sim_TW4_K": 8.145505000000014,
  "exp_minus_sim_TW5_K": 27.462998500000026,
  "exp_minus_sim_TW6_K": 19.70099824999994,
  "exp_minus_sim_TW7_K": 15.680991499999948,
  "exp_minus_sim_TW8_K": 13.93313525000002,
  "exp_minus_sim_TW9_K": 24.497854500000017,
  "exp_minus_sim_TW10_K": -32.79323825,
  "exp_minus_sim_TW11_K": 13.708755250000024,
  "exp_minus_sim_mdot_kg_s": 0.004535211937500002
}
