leg_class,a,b,r2,rmse,n_points,Re_min,Re_max
heater,3.113314,-31.8183,0.8764,0.03201,3,68.0,122.6
downcomer,4.361424,-134.0506,0.991,0.04119,3,61.16,118.0
upcomer,1.548087,-19.6165,0.0151,0.43125,9,66.65,134.88
cooler,2.549138,-20.1248,0.9812,0.00826,3,62.71,114.88
